"Date","US Dollar to Indian Rupee Monthly Exchange Rates",""
"Friday 1 January 2021 (01/01/2021)","$1 USD = ₹73.0941","US Dollar rates for 01/01/2021"
"Saturday 2 January 2021 (02/01/2021)","$1 USD = ₹73.0923","US Dollar rates for 02/01/2021"
"Sunday 3 January 2021 (03/01/2021)","$1 USD = ₹73.0795","US Dollar rates for 03/01/2021"
"Monday 4 January 2021 (04/01/2021)","$1 USD = ₹73.0741","US Dollar rates for 04/01/2021"
"Tuesday 5 January 2021 (05/01/2021)","$1 USD = ₹73.1258","US Dollar rates for 05/01/2021"
"Wednesday 6 January 2021 (06/01/2021)","$1 USD = ₹73.1501","US Dollar rates for 06/01/2021"
"Thursday 7 January 2021 (07/01/2021)","$1 USD = ₹73.4552","US Dollar rates for 07/01/2021"
"Friday 8 January 2021 (08/01/2021)","$1 USD = ₹73.3792","US Dollar rates for 08/01/2021"
"Saturday 9 January 2021 (09/01/2021)","$1 USD = ₹73.3811","US Dollar rates for 09/01/2021"
"Sunday 10 January 2021 (10/01/2021)","$1 USD = ₹73.4053","US Dollar rates for 10/01/2021"
"Monday 11 January 2021 (11/01/2021)","$1 USD = ₹73.5122","US Dollar rates for 11/01/2021"
"Tuesday 12 January 2021 (12/01/2021)","$1 USD = ₹73.1379","US Dollar rates for 12/01/2021"
"Wednesday 13 January 2021 (13/01/2021)","$1 USD = ₹73.1593","US Dollar rates for 13/01/2021"
"Thursday 14 January 2021 (14/01/2021)","$1 USD = ₹73.0912","US Dollar rates for 14/01/2021"
"Friday 15 January 2021 (15/01/2021)","$1 USD = ₹73.1617","US Dollar rates for 15/01/2021"
"Saturday 16 January 2021 (16/01/2021)","$1 USD = ₹73.1278","US Dollar rates for 16/01/2021"
"Sunday 17 January 2021 (17/01/2021)","$1 USD = ₹73.179","US Dollar rates for 17/01/2021"
"Monday 18 January 2021 (18/01/2021)","$1 USD = ₹73.1929","US Dollar rates for 18/01/2021"
"Tuesday 19 January 2021 (19/01/2021)","$1 USD = ₹73.1931","US Dollar rates for 19/01/2021"
"Wednesday 20 January 2021 (20/01/2021)","$1 USD = ₹72.9099","US Dollar rates for 20/01/2021"
"Thursday 21 January 2021 (21/01/2021)","$1 USD = ₹72.9796","US Dollar rates for 21/01/2021"
"Friday 22 January 2021 (22/01/2021)","$1 USD = ₹72.9972","US Dollar rates for 22/01/2021"
"Saturday 23 January 2021 (23/01/2021)","$1 USD = ₹72.9972","US Dollar rates for 23/01/2021"
"Sunday 24 January 2021 (24/01/2021)","$1 USD = ₹72.9953","US Dollar rates for 24/01/2021"
"Monday 25 January 2021 (25/01/2021)","$1 USD = ₹72.9713","US Dollar rates for 25/01/2021"
"Tuesday 26 January 2021 (26/01/2021)","$1 USD = ₹72.908","US Dollar rates for 26/01/2021"
"Wednesday 27 January 2021 (27/01/2021)","$1 USD = ₹73.0227","US Dollar rates for 27/01/2021"
"Thursday 28 January 2021 (28/01/2021)","$1 USD = ₹72.9652","US Dollar rates for 28/01/2021"
"Friday 29 January 2021 (29/01/2021)","$1 USD = ₹72.9086","US Dollar rates for 29/01/2021"
"Saturday 30 January 2021 (30/01/2021)","$1 USD = ₹72.9094","US Dollar rates for 30/01/2021"
"Sunday 31 January 2021 (31/01/2021)","$1 USD = ₹72.9211","US Dollar rates for 31/01/2021"
"Monday 1 February 2021 (01/02/2021)","$1 USD = ₹73.1299","US Dollar rates for 01/02/2021"
"Tuesday 2 February 2021 (02/02/2021)","$1 USD = ₹72.9421","US Dollar rates for 02/02/2021"
"Wednesday 3 February 2021 (03/02/2021)","$1 USD = ₹72.818","US Dollar rates for 03/02/2021"
"Thursday 4 February 2021 (04/02/2021)","$1 USD = ₹72.9478","US Dollar rates for 04/02/2021"
"Friday 5 February 2021 (05/02/2021)","$1 USD = ₹72.7909","US Dollar rates for 05/02/2021"
"Saturday 6 February 2021 (06/02/2021)","$1 USD = ₹72.7909","US Dollar rates for 06/02/2021"
"Sunday 7 February 2021 (07/02/2021)","$1 USD = ₹72.7982","US Dollar rates for 07/02/2021"
"Monday 8 February 2021 (08/02/2021)","$1 USD = ₹72.9142","US Dollar rates for 08/02/2021"
"Tuesday 9 February 2021 (09/02/2021)","$1 USD = ₹72.8605","US Dollar rates for 09/02/2021"
"Wednesday 10 February 2021 (10/02/2021)","$1 USD = ₹72.8076","US Dollar rates for 10/02/2021"
"Thursday 11 February 2021 (11/02/2021)","$1 USD = ₹72.7119","US Dollar rates for 11/02/2021"
"Friday 12 February 2021 (12/02/2021)","$1 USD = ₹72.5894","US Dollar rates for 12/02/2021"
"Saturday 13 February 2021 (13/02/2021)","$1 USD = ₹72.591","US Dollar rates for 13/02/2021"
"Sunday 14 February 2021 (14/02/2021)","$1 USD = ₹72.6021","US Dollar rates for 14/02/2021"
"Monday 15 February 2021 (15/02/2021)","$1 USD = ₹72.6434","US Dollar rates for 15/02/2021"
"Tuesday 16 February 2021 (16/02/2021)","$1 USD = ₹72.9634","US Dollar rates for 16/02/2021"
"Wednesday 17 February 2021 (17/02/2021)","$1 USD = ₹72.7479","US Dollar rates for 17/02/2021"
"Thursday 18 February 2021 (18/02/2021)","$1 USD = ₹72.6137","US Dollar rates for 18/02/2021"
"Friday 19 February 2021 (19/02/2021)","$1 USD = ₹72.5539","US Dollar rates for 19/02/2021"
"Saturday 20 February 2021 (20/02/2021)","$1 USD = ₹72.573","US Dollar rates for 20/02/2021"
"Sunday 21 February 2021 (21/02/2021)","$1 USD = ₹72.542","US Dollar rates for 21/02/2021"
"Monday 22 February 2021 (22/02/2021)","$1 USD = ₹72.4453","US Dollar rates for 22/02/2021"
"Tuesday 23 February 2021 (23/02/2021)","$1 USD = ₹72.3787","US Dollar rates for 23/02/2021"
"Wednesday 24 February 2021 (24/02/2021)","$1 USD = ₹72.3332","US Dollar rates for 24/02/2021"
"Thursday 25 February 2021 (25/02/2021)","$1 USD = ₹73.1691","US Dollar rates for 25/02/2021"
"Friday 26 February 2021 (26/02/2021)","$1 USD = ₹73.5954","US Dollar rates for 26/02/2021"
"Saturday 27 February 2021 (27/02/2021)","$1 USD = ₹73.5964","US Dollar rates for 27/02/2021"
"Sunday 28 February 2021 (28/02/2021)","$1 USD = ₹73.7169","US Dollar rates for 28/02/2021"
"Monday 1 March 2021 (01/03/2021)","$1 USD = ₹73.3125","US Dollar rates for 01/03/2021"
"Tuesday 2 March 2021 (02/03/2021)","$1 USD = ₹73.2672","US Dollar rates for 02/03/2021"
"Wednesday 3 March 2021 (03/03/2021)","$1 USD = ₹73.0197","US Dollar rates for 03/03/2021"
"Thursday 4 March 2021 (04/03/2021)","$1 USD = ₹73.1149","US Dollar rates for 04/03/2021"
"Friday 5 March 2021 (05/03/2021)","$1 USD = ₹73.1826","US Dollar rates for 05/03/2021"
"Saturday 6 March 2021 (06/03/2021)","$1 USD = ₹73.1826","US Dollar rates for 06/03/2021"
"Sunday 7 March 2021 (07/03/2021)","$1 USD = ₹73.1782","US Dollar rates for 07/03/2021"
"Monday 8 March 2021 (08/03/2021)","$1 USD = ₹73.3522","US Dollar rates for 08/03/2021"
"Tuesday 9 March 2021 (09/03/2021)","$1 USD = ₹72.7798","US Dollar rates for 09/03/2021"
"Wednesday 10 March 2021 (10/03/2021)","$1 USD = ₹72.7126","US Dollar rates for 10/03/2021"
"Thursday 11 March 2021 (11/03/2021)","$1 USD = ₹72.648","US Dollar rates for 11/03/2021"
"Friday 12 March 2021 (12/03/2021)","$1 USD = ₹72.6892","US Dollar rates for 12/03/2021"
"Saturday 13 March 2021 (13/03/2021)","$1 USD = ₹72.6886","US Dollar rates for 13/03/2021"
"Sunday 14 March 2021 (14/03/2021)","$1 USD = ₹72.6784","US Dollar rates for 14/03/2021"
"Monday 15 March 2021 (15/03/2021)","$1 USD = ₹72.5046","US Dollar rates for 15/03/2021"
"Tuesday 16 March 2021 (16/03/2021)","$1 USD = ₹72.5264","US Dollar rates for 16/03/2021"
"Wednesday 17 March 2021 (17/03/2021)","$1 USD = ₹72.29","US Dollar rates for 17/03/2021"
"Thursday 18 March 2021 (18/03/2021)","$1 USD = ₹72.6615","US Dollar rates for 18/03/2021"
"Friday 19 March 2021 (19/03/2021)","$1 USD = ₹72.4416","US Dollar rates for 19/03/2021"
"Saturday 20 March 2021 (20/03/2021)","$1 USD = ₹72.442","US Dollar rates for 20/03/2021"
"Sunday 21 March 2021 (21/03/2021)","$1 USD = ₹72.4271","US Dollar rates for 21/03/2021"
"Monday 22 March 2021 (22/03/2021)","$1 USD = ₹72.3888","US Dollar rates for 22/03/2021"
"Tuesday 23 March 2021 (23/03/2021)","$1 USD = ₹72.6193","US Dollar rates for 23/03/2021"
"Wednesday 24 March 2021 (24/03/2021)","$1 USD = ₹72.6332","US Dollar rates for 24/03/2021"
"Thursday 25 March 2021 (25/03/2021)","$1 USD = ₹72.6268","US Dollar rates for 25/03/2021"
"Friday 26 March 2021 (26/03/2021)","$1 USD = ₹72.445","US Dollar rates for 26/03/2021"
"Saturday 27 March 2021 (27/03/2021)","$1 USD = ₹72.4473","US Dollar rates for 27/03/2021"
"Sunday 28 March 2021 (28/03/2021)","$1 USD = ₹72.4904","US Dollar rates for 28/03/2021"
"Monday 29 March 2021 (29/03/2021)","$1 USD = ₹72.7416","US Dollar rates for 29/03/2021"
"Tuesday 30 March 2021 (30/03/2021)","$1 USD = ₹73.4087","US Dollar rates for 30/03/2021"
"Wednesday 31 March 2021 (31/03/2021)","$1 USD = ₹73.2065","US Dollar rates for 31/03/2021"
"Thursday 1 April 2021 (01/04/2021)","$1 USD = ₹73.2821","US Dollar rates for 01/04/2021"
"Friday 2 April 2021 (02/04/2021)","$1 USD = ₹73.378","US Dollar rates for 02/04/2021"
"Saturday 3 April 2021 (03/04/2021)","$1 USD = ₹73.3787","US Dollar rates for 03/04/2021"
"Sunday 4 April 2021 (04/04/2021)","$1 USD = ₹73.3849","US Dollar rates for 04/04/2021"
"Monday 5 April 2021 (05/04/2021)","$1 USD = ₹73.2768","US Dollar rates for 05/04/2021"
"Tuesday 6 April 2021 (06/04/2021)","$1 USD = ₹73.5006","US Dollar rates for 06/04/2021"
"Wednesday 7 April 2021 (07/04/2021)","$1 USD = ₹74.4136","US Dollar rates for 07/04/2021"
"Thursday 8 April 2021 (08/04/2021)","$1 USD = ₹74.5334","US Dollar rates for 08/04/2021"
"Friday 9 April 2021 (09/04/2021)","$1 USD = ₹74.727","US Dollar rates for 09/04/2021"
"Saturday 10 April 2021 (10/04/2021)","$1 USD = ₹74.7324","US Dollar rates for 10/04/2021"
"Sunday 11 April 2021 (11/04/2021)","$1 USD = ₹74.7395","US Dollar rates for 11/04/2021"
"Monday 12 April 2021 (12/04/2021)","$1 USD = ₹74.99","US Dollar rates for 12/04/2021"
"Tuesday 13 April 2021 (13/04/2021)","$1 USD = ₹75.1673","US Dollar rates for 13/04/2021"
"Wednesday 14 April 2021 (14/04/2021)","$1 USD = ₹75.0481","US Dollar rates for 14/04/2021"
"Thursday 15 April 2021 (15/04/2021)","$1 USD = ₹74.7301","US Dollar rates for 15/04/2021"
"Friday 16 April 2021 (16/04/2021)","$1 USD = ₹74.5646","US Dollar rates for 16/04/2021"
"Saturday 17 April 2021 (17/04/2021)","$1 USD = ₹74.5566","US Dollar rates for 17/04/2021"
"Sunday 18 April 2021 (18/04/2021)","$1 USD = ₹74.5305","US Dollar rates for 18/04/2021"
"Monday 19 April 2021 (19/04/2021)","$1 USD = ₹74.8743","US Dollar rates for 19/04/2021"
"Tuesday 20 April 2021 (20/04/2021)","$1 USD = ₹75.4497","US Dollar rates for 20/04/2021"
"Wednesday 21 April 2021 (21/04/2021)","$1 USD = ₹75.4272","US Dollar rates for 21/04/2021"
"Thursday 22 April 2021 (22/04/2021)","$1 USD = ₹75.0699","US Dollar rates for 22/04/2021"
"Friday 23 April 2021 (23/04/2021)","$1 USD = ₹74.8668","US Dollar rates for 23/04/2021"
"Saturday 24 April 2021 (24/04/2021)","$1 USD = ₹74.8671","US Dollar rates for 24/04/2021"
"Sunday 25 April 2021 (25/04/2021)","$1 USD = ₹74.9163","US Dollar rates for 25/04/2021"
"Monday 26 April 2021 (26/04/2021)","$1 USD = ₹74.8238","US Dollar rates for 26/04/2021"
"Tuesday 27 April 2021 (27/04/2021)","$1 USD = ₹74.5802","US Dollar rates for 27/04/2021"
"Wednesday 28 April 2021 (28/04/2021)","$1 USD = ₹74.3325","US Dollar rates for 28/04/2021"
"Thursday 29 April 2021 (29/04/2021)","$1 USD = ₹74.0929","US Dollar rates for 29/04/2021"
"Friday 30 April 2021 (30/04/2021)","$1 USD = ₹74.0929","US Dollar rates for 30/04/2021"
"Saturday 1 May 2021 (01/05/2021)","$1 USD = ₹74.0958","US Dollar rates for 01/05/2021"
"Sunday 2 May 2021 (02/05/2021)","$1 USD = ₹74.1128","US Dollar rates for 02/05/2021"
"Monday 3 May 2021 (03/05/2021)","$1 USD = ₹73.8362","US Dollar rates for 03/05/2021"
"Tuesday 4 May 2021 (04/05/2021)","$1 USD = ₹73.7797","US Dollar rates for 04/05/2021"
"Wednesday 5 May 2021 (05/05/2021)","$1 USD = ₹73.7992","US Dollar rates for 05/05/2021"
"Thursday 6 May 2021 (06/05/2021)","$1 USD = ₹73.6077","US Dollar rates for 06/05/2021"
"Friday 7 May 2021 (07/05/2021)","$1 USD = ₹73.2905","US Dollar rates for 07/05/2021"
"Saturday 8 May 2021 (08/05/2021)","$1 USD = ₹73.296","US Dollar rates for 08/05/2021"
"Sunday 9 May 2021 (09/05/2021)","$1 USD = ₹73.2573","US Dollar rates for 09/05/2021"
"Monday 10 May 2021 (10/05/2021)","$1 USD = ₹73.4925","US Dollar rates for 10/05/2021"
"Tuesday 11 May 2021 (11/05/2021)","$1 USD = ₹73.3647","US Dollar rates for 11/05/2021"
"Wednesday 12 May 2021 (12/05/2021)","$1 USD = ₹73.6958","US Dollar rates for 12/05/2021"
"Thursday 13 May 2021 (13/05/2021)","$1 USD = ₹73.4537","US Dollar rates for 13/05/2021"
"Friday 14 May 2021 (14/05/2021)","$1 USD = ₹73.2796","US Dollar rates for 14/05/2021"
"Saturday 15 May 2021 (15/05/2021)","$1 USD = ₹73.2796","US Dollar rates for 15/05/2021"
"Sunday 16 May 2021 (16/05/2021)","$1 USD = ₹73.2813","US Dollar rates for 16/05/2021"
"Monday 17 May 2021 (17/05/2021)","$1 USD = ₹73.3355","US Dollar rates for 17/05/2021"
"Tuesday 18 May 2021 (18/05/2021)","$1 USD = ₹73.1458","US Dollar rates for 18/05/2021"
"Wednesday 19 May 2021 (19/05/2021)","$1 USD = ₹73.2299","US Dollar rates for 19/05/2021"
"Thursday 20 May 2021 (20/05/2021)","$1 USD = ₹73.029","US Dollar rates for 20/05/2021"
"Friday 21 May 2021 (21/05/2021)","$1 USD = ₹72.918","US Dollar rates for 21/05/2021"
"Saturday 22 May 2021 (22/05/2021)","$1 USD = ₹72.918","US Dollar rates for 22/05/2021"
"Sunday 23 May 2021 (23/05/2021)","$1 USD = ₹72.9238","US Dollar rates for 23/05/2021"
"Monday 24 May 2021 (24/05/2021)","$1 USD = ₹72.8328","US Dollar rates for 24/05/2021"
"Tuesday 25 May 2021 (25/05/2021)","$1 USD = ₹72.8007","US Dollar rates for 25/05/2021"
"Wednesday 26 May 2021 (26/05/2021)","$1 USD = ₹72.729","US Dollar rates for 26/05/2021"
"Thursday 27 May 2021 (27/05/2021)","$1 USD = ₹72.7058","US Dollar rates for 27/05/2021"
"Friday 28 May 2021 (28/05/2021)","$1 USD = ₹72.3962","US Dollar rates for 28/05/2021"
"Saturday 29 May 2021 (29/05/2021)","$1 USD = ₹72.3962","US Dollar rates for 29/05/2021"
"Sunday 30 May 2021 (30/05/2021)","$1 USD = ₹72.4047","US Dollar rates for 30/05/2021"
"Monday 31 May 2021 (31/05/2021)","$1 USD = ₹72.4898","US Dollar rates for 31/05/2021"
"Tuesday 1 June 2021 (01/06/2021)","$1 USD = ₹72.8572","US Dollar rates for 01/06/2021"
"Wednesday 2 June 2021 (02/06/2021)","$1 USD = ₹72.9597","US Dollar rates for 02/06/2021"
"Thursday 3 June 2021 (03/06/2021)","$1 USD = ₹73.0408","US Dollar rates for 03/06/2021"
"Friday 4 June 2021 (04/06/2021)","$1 USD = ₹72.9083","US Dollar rates for 04/06/2021"
"Saturday 5 June 2021 (05/06/2021)","$1 USD = ₹72.9083","US Dollar rates for 05/06/2021"
"Sunday 6 June 2021 (06/06/2021)","$1 USD = ₹73.0047","US Dollar rates for 06/06/2021"
"Monday 7 June 2021 (07/06/2021)","$1 USD = ₹72.8013","US Dollar rates for 07/06/2021"
"Tuesday 8 June 2021 (08/06/2021)","$1 USD = ₹72.9789","US Dollar rates for 08/06/2021"
"Wednesday 9 June 2021 (09/06/2021)","$1 USD = ₹73.0011","US Dollar rates for 09/06/2021"
"Thursday 10 June 2021 (10/06/2021)","$1 USD = ₹73.0123","US Dollar rates for 10/06/2021"
"Friday 11 June 2021 (11/06/2021)","$1 USD = ₹73.2318","US Dollar rates for 11/06/2021"
"Saturday 12 June 2021 (12/06/2021)","$1 USD = ₹73.2344","US Dollar rates for 12/06/2021"
"Sunday 13 June 2021 (13/06/2021)","$1 USD = ₹73.2449","US Dollar rates for 13/06/2021"
"Monday 14 June 2021 (14/06/2021)","$1 USD = ₹73.1827","US Dollar rates for 14/06/2021"
"Tuesday 15 June 2021 (15/06/2021)","$1 USD = ₹73.3504","US Dollar rates for 15/06/2021"
"Wednesday 16 June 2021 (16/06/2021)","$1 USD = ₹73.8401","US Dollar rates for 16/06/2021"
"Thursday 17 June 2021 (17/06/2021)","$1 USD = ₹74.246","US Dollar rates for 17/06/2021"
"Friday 18 June 2021 (18/06/2021)","$1 USD = ₹74.1466","US Dollar rates for 18/06/2021"
"Saturday 19 June 2021 (19/06/2021)","$1 USD = ₹74.1415","US Dollar rates for 19/06/2021"
"Sunday 20 June 2021 (20/06/2021)","$1 USD = ₹74.1257","US Dollar rates for 20/06/2021"
"Monday 21 June 2021 (21/06/2021)","$1 USD = ₹74.1359","US Dollar rates for 21/06/2021"
"Tuesday 22 June 2021 (22/06/2021)","$1 USD = ₹74.3444","US Dollar rates for 22/06/2021"
"Wednesday 23 June 2021 (23/06/2021)","$1 USD = ₹74.2343","US Dollar rates for 23/06/2021"
"Thursday 24 June 2021 (24/06/2021)","$1 USD = ₹74.194","US Dollar rates for 24/06/2021"
"Friday 25 June 2021 (25/06/2021)","$1 USD = ₹74.1838","US Dollar rates for 25/06/2021"
"Saturday 26 June 2021 (26/06/2021)","$1 USD = ₹74.1838","US Dollar rates for 26/06/2021"
"Sunday 27 June 2021 (27/06/2021)","$1 USD = ₹74.2044","US Dollar rates for 27/06/2021"
"Monday 28 June 2021 (28/06/2021)","$1 USD = ₹74.2802","US Dollar rates for 28/06/2021"
"Tuesday 29 June 2021 (29/06/2021)","$1 USD = ₹74.2824","US Dollar rates for 29/06/2021"
"Wednesday 30 June 2021 (30/06/2021)","$1 USD = ₹74.3716","US Dollar rates for 30/06/2021"
"Thursday 1 July 2021 (01/07/2021)","$1 USD = ₹74.5622","US Dollar rates for 01/07/2021"
"Friday 2 July 2021 (02/07/2021)","$1 USD = ₹74.7551","US Dollar rates for 02/07/2021"
"Saturday 3 July 2021 (03/07/2021)","$1 USD = ₹74.4803","US Dollar rates for 03/07/2021"
"Sunday 4 July 2021 (04/07/2021)","$1 USD = ₹74.5011","US Dollar rates for 04/07/2021"
"Monday 5 July 2021 (05/07/2021)","$1 USD = ₹74.3231","US Dollar rates for 05/07/2021"
"Tuesday 6 July 2021 (06/07/2021)","$1 USD = ₹74.7744","US Dollar rates for 06/07/2021"
"Wednesday 7 July 2021 (07/07/2021)","$1 USD = ₹74.8159","US Dollar rates for 07/07/2021"
"Thursday 8 July 2021 (08/07/2021)","$1 USD = ₹74.7379","US Dollar rates for 08/07/2021"
"Friday 9 July 2021 (09/07/2021)","$1 USD = ₹74.4917","US Dollar rates for 09/07/2021"
"Saturday 10 July 2021 (10/07/2021)","$1 USD = ₹74.488","US Dollar rates for 10/07/2021"
"Sunday 11 July 2021 (11/07/2021)","$1 USD = ₹74.4776","US Dollar rates for 11/07/2021"
"Monday 12 July 2021 (12/07/2021)","$1 USD = ₹74.5355","US Dollar rates for 12/07/2021"
"Tuesday 13 July 2021 (13/07/2021)","$1 USD = ₹74.6689","US Dollar rates for 13/07/2021"
"Wednesday 14 July 2021 (14/07/2021)","$1 USD = ₹74.4636","US Dollar rates for 14/07/2021"
"Thursday 15 July 2021 (15/07/2021)","$1 USD = ₹74.5561","US Dollar rates for 15/07/2021"
"Friday 16 July 2021 (16/07/2021)","$1 USD = ₹74.9126","US Dollar rates for 16/07/2021"
"Saturday 17 July 2021 (17/07/2021)","$1 USD = ₹74.631","US Dollar rates for 17/07/2021"
"Sunday 18 July 2021 (18/07/2021)","$1 USD = ₹74.6062","US Dollar rates for 18/07/2021"
"Monday 19 July 2021 (19/07/2021)","$1 USD = ₹75.0007","US Dollar rates for 19/07/2021"
"Tuesday 20 July 2021 (20/07/2021)","$1 USD = ₹74.5245","US Dollar rates for 20/07/2021"
"Wednesday 21 July 2021 (21/07/2021)","$1 USD = ₹74.4401","US Dollar rates for 21/07/2021"
"Thursday 22 July 2021 (22/07/2021)","$1 USD = ₹74.4613","US Dollar rates for 22/07/2021"
"Friday 23 July 2021 (23/07/2021)","$1 USD = ₹74.4273","US Dollar rates for 23/07/2021"
"Saturday 24 July 2021 (24/07/2021)","$1 USD = ₹74.4408","US Dollar rates for 24/07/2021"
"Sunday 25 July 2021 (25/07/2021)","$1 USD = ₹74.4323","US Dollar rates for 25/07/2021"
"Monday 26 July 2021 (26/07/2021)","$1 USD = ₹74.2838","US Dollar rates for 26/07/2021"
"Tuesday 27 July 2021 (27/07/2021)","$1 USD = ₹74.5378","US Dollar rates for 27/07/2021"
"Wednesday 28 July 2021 (28/07/2021)","$1 USD = ₹74.4524","US Dollar rates for 28/07/2021"
"Thursday 29 July 2021 (29/07/2021)","$1 USD = ₹74.2468","US Dollar rates for 29/07/2021"
"Friday 30 July 2021 (30/07/2021)","$1 USD = ₹74.3793","US Dollar rates for 30/07/2021"
"Saturday 31 July 2021 (31/07/2021)","$1 USD = ₹74.3793","US Dollar rates for 31/07/2021"
"Sunday 1 August 2021 (01/08/2021)","$1 USD = ₹74.3864","US Dollar rates for 01/08/2021"
"Monday 2 August 2021 (02/08/2021)","$1 USD = ₹74.3507","US Dollar rates for 02/08/2021"
"Tuesday 3 August 2021 (03/08/2021)","$1 USD = ₹74.2144","US Dollar rates for 03/08/2021"
"Wednesday 4 August 2021 (04/08/2021)","$1 USD = ₹74.1992","US Dollar rates for 04/08/2021"
"Thursday 5 August 2021 (05/08/2021)","$1 USD = ₹74.0566","US Dollar rates for 05/08/2021"
"Friday 6 August 2021 (06/08/2021)","$1 USD = ₹74.242","US Dollar rates for 06/08/2021"
"Saturday 7 August 2021 (07/08/2021)","$1 USD = ₹74.2132","US Dollar rates for 07/08/2021"
"Sunday 8 August 2021 (08/08/2021)","$1 USD = ₹74.299","US Dollar rates for 08/08/2021"
"Monday 9 August 2021 (09/08/2021)","$1 USD = ₹74.4654","US Dollar rates for 09/08/2021"
"Tuesday 10 August 2021 (10/08/2021)","$1 USD = ₹74.4342","US Dollar rates for 10/08/2021"
"Wednesday 11 August 2021 (11/08/2021)","$1 USD = ₹74.1296","US Dollar rates for 11/08/2021"
"Thursday 12 August 2021 (12/08/2021)","$1 USD = ₹74.2663","US Dollar rates for 12/08/2021"
"Friday 13 August 2021 (13/08/2021)","$1 USD = ₹74.217","US Dollar rates for 13/08/2021"
"Saturday 14 August 2021 (14/08/2021)","$1 USD = ₹74.2169","US Dollar rates for 14/08/2021"
"Sunday 15 August 2021 (15/08/2021)","$1 USD = ₹74.2239","US Dollar rates for 15/08/2021"
"Monday 16 August 2021 (16/08/2021)","$1 USD = ₹74.1638","US Dollar rates for 16/08/2021"
"Tuesday 17 August 2021 (17/08/2021)","$1 USD = ₹74.3732","US Dollar rates for 17/08/2021"
"Wednesday 18 August 2021 (18/08/2021)","$1 USD = ₹74.273","US Dollar rates for 18/08/2021"
"Thursday 19 August 2021 (19/08/2021)","$1 USD = ₹74.4198","US Dollar rates for 19/08/2021"
"Friday 20 August 2021 (20/08/2021)","$1 USD = ₹74.2994","US Dollar rates for 20/08/2021"
"Saturday 21 August 2021 (21/08/2021)","$1 USD = ₹74.3054","US Dollar rates for 21/08/2021"
"Sunday 22 August 2021 (22/08/2021)","$1 USD = ₹74.3297","US Dollar rates for 22/08/2021"
"Monday 23 August 2021 (23/08/2021)","$1 USD = ₹74.104","US Dollar rates for 23/08/2021"
"Tuesday 24 August 2021 (24/08/2021)","$1 USD = ₹74.1493","US Dollar rates for 24/08/2021"
"Wednesday 25 August 2021 (25/08/2021)","$1 USD = ₹74.1363","US Dollar rates for 25/08/2021"
"Thursday 26 August 2021 (26/08/2021)","$1 USD = ₹74.1579","US Dollar rates for 26/08/2021"
"Friday 27 August 2021 (27/08/2021)","$1 USD = ₹73.4968","US Dollar rates for 27/08/2021"
"Saturday 28 August 2021 (28/08/2021)","$1 USD = ₹73.4968","US Dollar rates for 28/08/2021"
"Sunday 29 August 2021 (29/08/2021)","$1 USD = ₹73.4933","US Dollar rates for 29/08/2021"
"Monday 30 August 2021 (30/08/2021)","$1 USD = ₹73.3955","US Dollar rates for 30/08/2021"
"Tuesday 31 August 2021 (31/08/2021)","$1 USD = ₹72.9916","US Dollar rates for 31/08/2021"
"Wednesday 1 September 2021 (01/09/2021)","$1 USD = ₹72.9914","US Dollar rates for 01/09/2021"
"Thursday 2 September 2021 (02/09/2021)","$1 USD = ₹73.0492","US Dollar rates for 02/09/2021"
"Friday 3 September 2021 (03/09/2021)","$1 USD = ₹72.9968","US Dollar rates for 03/09/2021"
"Saturday 4 September 2021 (04/09/2021)","$1 USD = ₹72.9946","US Dollar rates for 04/09/2021"
"Sunday 5 September 2021 (05/09/2021)","$1 USD = ₹73.004","US Dollar rates for 05/09/2021"
"Monday 6 September 2021 (06/09/2021)","$1 USD = ₹73.1071","US Dollar rates for 06/09/2021"
"Tuesday 7 September 2021 (07/09/2021)","$1 USD = ₹73.3876","US Dollar rates for 07/09/2021"
"Wednesday 8 September 2021 (08/09/2021)","$1 USD = ₹73.8139","US Dollar rates for 08/09/2021"
"Thursday 9 September 2021 (09/09/2021)","$1 USD = ₹73.5319","US Dollar rates for 09/09/2021"
"Friday 10 September 2021 (10/09/2021)","$1 USD = ₹73.5261","US Dollar rates for 10/09/2021"
"Saturday 11 September 2021 (11/09/2021)","$1 USD = ₹73.5261","US Dollar rates for 11/09/2021"
"Sunday 12 September 2021 (12/09/2021)","$1 USD = ₹73.5292","US Dollar rates for 12/09/2021"
"Monday 13 September 2021 (13/09/2021)","$1 USD = ₹73.5654","US Dollar rates for 13/09/2021"
"Tuesday 14 September 2021 (14/09/2021)","$1 USD = ₹73.6349","US Dollar rates for 14/09/2021"
"Wednesday 15 September 2021 (15/09/2021)","$1 USD = ₹73.4679","US Dollar rates for 15/09/2021"
"Thursday 16 September 2021 (16/09/2021)","$1 USD = ₹73.5687","US Dollar rates for 16/09/2021"
"Friday 17 September 2021 (17/09/2021)","$1 USD = ₹73.6977","US Dollar rates for 17/09/2021"
"Saturday 18 September 2021 (18/09/2021)","$1 USD = ₹73.7014","US Dollar rates for 18/09/2021"
"Sunday 19 September 2021 (19/09/2021)","$1 USD = ₹73.6834","US Dollar rates for 19/09/2021"
"Monday 20 September 2021 (20/09/2021)","$1 USD = ₹73.6203","US Dollar rates for 20/09/2021"
"Tuesday 21 September 2021 (21/09/2021)","$1 USD = ₹73.7948","US Dollar rates for 21/09/2021"
"Wednesday 22 September 2021 (22/09/2021)","$1 USD = ₹73.8697","US Dollar rates for 22/09/2021"
"Thursday 23 September 2021 (23/09/2021)","$1 USD = ₹73.8438","US Dollar rates for 23/09/2021"
"Friday 24 September 2021 (24/09/2021)","$1 USD = ₹74.0486","US Dollar rates for 24/09/2021"
"Saturday 25 September 2021 (25/09/2021)","$1 USD = ₹73.8131","US Dollar rates for 25/09/2021"
"Sunday 26 September 2021 (26/09/2021)","$1 USD = ₹73.9504","US Dollar rates for 26/09/2021"
"Monday 27 September 2021 (27/09/2021)","$1 USD = ₹73.8327","US Dollar rates for 27/09/2021"
"Tuesday 28 September 2021 (28/09/2021)","$1 USD = ₹74.2071","US Dollar rates for 28/09/2021"
"Wednesday 29 September 2021 (29/09/2021)","$1 USD = ₹74.2857","US Dollar rates for 29/09/2021"
"Thursday 30 September 2021 (30/09/2021)","$1 USD = ₹74.2236","US Dollar rates for 30/09/2021"
"Friday 1 October 2021 (01/10/2021)","$1 USD = ₹74.145","US Dollar rates for 01/10/2021"
"Saturday 2 October 2021 (02/10/2021)","$1 USD = ₹74.1522","US Dollar rates for 02/10/2021"
"Sunday 3 October 2021 (03/10/2021)","$1 USD = ₹74.1396","US Dollar rates for 03/10/2021"
"Monday 4 October 2021 (04/10/2021)","$1 USD = ₹74.5796","US Dollar rates for 04/10/2021"
"Tuesday 5 October 2021 (05/10/2021)","$1 USD = ₹74.5668","US Dollar rates for 05/10/2021"
"Wednesday 6 October 2021 (06/10/2021)","$1 USD = ₹74.7675","US Dollar rates for 06/10/2021"
"Thursday 7 October 2021 (07/10/2021)","$1 USD = ₹74.8539","US Dollar rates for 07/10/2021"
"Friday 8 October 2021 (08/10/2021)","$1 USD = ₹75.3088","US Dollar rates for 08/10/2021"
"Saturday 9 October 2021 (09/10/2021)","$1 USD = ₹75.1342","US Dollar rates for 09/10/2021"
"Sunday 10 October 2021 (10/10/2021)","$1 USD = ₹75.1328","US Dollar rates for 10/10/2021"
"Monday 11 October 2021 (11/10/2021)","$1 USD = ₹75.4196","US Dollar rates for 11/10/2021"
"Tuesday 12 October 2021 (12/10/2021)","$1 USD = ₹75.4899","US Dollar rates for 12/10/2021"
"Wednesday 13 October 2021 (13/10/2021)","$1 USD = ₹75.3083","US Dollar rates for 13/10/2021"
"Thursday 14 October 2021 (14/10/2021)","$1 USD = ₹75.0066","US Dollar rates for 14/10/2021"
"Friday 15 October 2021 (15/10/2021)","$1 USD = ₹75.0351","US Dollar rates for 15/10/2021"
"Saturday 16 October 2021 (16/10/2021)","$1 USD = ₹74.9383","US Dollar rates for 16/10/2021"
"Sunday 17 October 2021 (17/10/2021)","$1 USD = ₹75.0225","US Dollar rates for 17/10/2021"
"Monday 18 October 2021 (18/10/2021)","$1 USD = ₹75.2341","US Dollar rates for 18/10/2021"
"Tuesday 19 October 2021 (19/10/2021)","$1 USD = ₹75.1143","US Dollar rates for 19/10/2021"
"Wednesday 20 October 2021 (20/10/2021)","$1 USD = ₹74.8307","US Dollar rates for 20/10/2021"
"Thursday 21 October 2021 (21/10/2021)","$1 USD = ₹74.8613","US Dollar rates for 21/10/2021"
"Friday 22 October 2021 (22/10/2021)","$1 USD = ₹74.9992","US Dollar rates for 22/10/2021"
"Saturday 23 October 2021 (23/10/2021)","$1 USD = ₹75.0022","US Dollar rates for 23/10/2021"
"Sunday 24 October 2021 (24/10/2021)","$1 USD = ₹74.9911","US Dollar rates for 24/10/2021"
"Monday 25 October 2021 (25/10/2021)","$1 USD = ₹75.0958","US Dollar rates for 25/10/2021"
"Tuesday 26 October 2021 (26/10/2021)","$1 USD = ₹74.8894","US Dollar rates for 26/10/2021"
"Wednesday 27 October 2021 (27/10/2021)","$1 USD = ₹75.0618","US Dollar rates for 27/10/2021"
"Thursday 28 October 2021 (28/10/2021)","$1 USD = ₹74.7781","US Dollar rates for 28/10/2021"
"Friday 29 October 2021 (29/10/2021)","$1 USD = ₹74.9285","US Dollar rates for 29/10/2021"
"Saturday 30 October 2021 (30/10/2021)","$1 USD = ₹74.9285","US Dollar rates for 30/10/2021"
"Sunday 31 October 2021 (31/10/2021)","$1 USD = ₹74.9353","US Dollar rates for 31/10/2021"
"Monday 1 November 2021 (01/11/2021)","$1 USD = ₹74.8475","US Dollar rates for 01/11/2021"
"Tuesday 2 November 2021 (02/11/2021)","$1 USD = ₹74.6981","US Dollar rates for 02/11/2021"
"Wednesday 3 November 2021 (03/11/2021)","$1 USD = ₹74.4228","US Dollar rates for 03/11/2021"
"Thursday 4 November 2021 (04/11/2021)","$1 USD = ₹74.4772","US Dollar rates for 04/11/2021"
"Friday 5 November 2021 (05/11/2021)","$1 USD = ₹74.1911","US Dollar rates for 05/11/2021"
"Saturday 6 November 2021 (06/11/2021)","$1 USD = ₹74.1911","US Dollar rates for 06/11/2021"
"Sunday 7 November 2021 (07/11/2021)","$1 USD = ₹74.1959","US Dollar rates for 07/11/2021"
"Monday 8 November 2021 (08/11/2021)","$1 USD = ₹73.9182","US Dollar rates for 08/11/2021"
"Tuesday 9 November 2021 (09/11/2021)","$1 USD = ₹74.1654","US Dollar rates for 09/11/2021"
"Wednesday 10 November 2021 (10/11/2021)","$1 USD = ₹74.4052","US Dollar rates for 10/11/2021"
"Thursday 11 November 2021 (11/11/2021)","$1 USD = ₹74.3322","US Dollar rates for 11/11/2021"
"Friday 12 November 2021 (12/11/2021)","$1 USD = ₹74.3457","US Dollar rates for 12/11/2021"
"Saturday 13 November 2021 (13/11/2021)","$1 USD = ₹74.3571","US Dollar rates for 13/11/2021"
"Sunday 14 November 2021 (14/11/2021)","$1 USD = ₹74.3477","US Dollar rates for 14/11/2021"
"Monday 15 November 2021 (15/11/2021)","$1 USD = ₹74.4141","US Dollar rates for 15/11/2021"
"Tuesday 16 November 2021 (16/11/2021)","$1 USD = ₹74.4544","US Dollar rates for 16/11/2021"
"Wednesday 17 November 2021 (17/11/2021)","$1 USD = ₹74.29","US Dollar rates for 17/11/2021"
"Thursday 18 November 2021 (18/11/2021)","$1 USD = ₹74.186","US Dollar rates for 18/11/2021"
"Friday 19 November 2021 (19/11/2021)","$1 USD = ₹74.3098","US Dollar rates for 19/11/2021"
"Saturday 20 November 2021 (20/11/2021)","$1 USD = ₹74.3108","US Dollar rates for 20/11/2021"
"Sunday 21 November 2021 (21/11/2021)","$1 USD = ₹74.3123","US Dollar rates for 21/11/2021"
"Monday 22 November 2021 (22/11/2021)","$1 USD = ₹74.4356","US Dollar rates for 22/11/2021"
"Tuesday 23 November 2021 (23/11/2021)","$1 USD = ₹74.4392","US Dollar rates for 23/11/2021"
"Wednesday 24 November 2021 (24/11/2021)","$1 USD = ₹74.622","US Dollar rates for 24/11/2021"
"Thursday 25 November 2021 (25/11/2021)","$1 USD = ₹74.5405","US Dollar rates for 25/11/2021"
"Friday 26 November 2021 (26/11/2021)","$1 USD = ₹75.0558","US Dollar rates for 26/11/2021"
"Saturday 27 November 2021 (27/11/2021)","$1 USD = ₹75.0511","US Dollar rates for 27/11/2021"
"Sunday 28 November 2021 (28/11/2021)","$1 USD = ₹75.0442","US Dollar rates for 28/11/2021"
"Monday 29 November 2021 (29/11/2021)","$1 USD = ₹75.0684","US Dollar rates for 29/11/2021"
"Tuesday 30 November 2021 (30/11/2021)","$1 USD = ₹74.9965","US Dollar rates for 30/11/2021"
"Wednesday 1 December 2021 (01/12/2021)","$1 USD = ₹75.023","US Dollar rates for 01/12/2021"
"Thursday 2 December 2021 (02/12/2021)","$1 USD = ₹74.9983","US Dollar rates for 02/12/2021"
"Friday 3 December 2021 (03/12/2021)","$1 USD = ₹75.3155","US Dollar rates for 03/12/2021"
"Saturday 4 December 2021 (04/12/2021)","$1 USD = ₹75.2401","US Dollar rates for 04/12/2021"
"Sunday 5 December 2021 (05/12/2021)","$1 USD = ₹75.2657","US Dollar rates for 05/12/2021"
"Monday 6 December 2021 (06/12/2021)","$1 USD = ₹75.3916","US Dollar rates for 06/12/2021"
"Tuesday 7 December 2021 (07/12/2021)","$1 USD = ₹75.4071","US Dollar rates for 07/12/2021"
"Wednesday 8 December 2021 (08/12/2021)","$1 USD = ₹75.3824","US Dollar rates for 08/12/2021"
"Thursday 9 December 2021 (09/12/2021)","$1 USD = ₹75.5934","US Dollar rates for 09/12/2021"
"Friday 10 December 2021 (10/12/2021)","$1 USD = ₹75.7925","US Dollar rates for 10/12/2021"
"Saturday 11 December 2021 (11/12/2021)","$1 USD = ₹75.717","US Dollar rates for 11/12/2021"
"Sunday 12 December 2021 (12/12/2021)","$1 USD = ₹75.7385","US Dollar rates for 12/12/2021"
"Monday 13 December 2021 (13/12/2021)","$1 USD = ₹75.827","US Dollar rates for 13/12/2021"
"Tuesday 14 December 2021 (14/12/2021)","$1 USD = ₹76.0556","US Dollar rates for 14/12/2021"
"Wednesday 15 December 2021 (15/12/2021)","$1 USD = ₹76.2299","US Dollar rates for 15/12/2021"
"Thursday 16 December 2021 (16/12/2021)","$1 USD = ₹76.1693","US Dollar rates for 16/12/2021"
"Friday 17 December 2021 (17/12/2021)","$1 USD = ₹76.3125","US Dollar rates for 17/12/2021"
"Saturday 18 December 2021 (18/12/2021)","$1 USD = ₹76.0487","US Dollar rates for 18/12/2021"
"Sunday 19 December 2021 (19/12/2021)","$1 USD = ₹76.0171","US Dollar rates for 19/12/2021"
"Monday 20 December 2021 (20/12/2021)","$1 USD = ₹75.7441","US Dollar rates for 20/12/2021"
"Tuesday 21 December 2021 (21/12/2021)","$1 USD = ₹75.6846","US Dollar rates for 21/12/2021"
"Wednesday 22 December 2021 (22/12/2021)","$1 USD = ₹75.4817","US Dollar rates for 22/12/2021"
"Thursday 23 December 2021 (23/12/2021)","$1 USD = ₹75.0656","US Dollar rates for 23/12/2021"
"Friday 24 December 2021 (24/12/2021)","$1 USD = ₹75.1154","US Dollar rates for 24/12/2021"
"Saturday 25 December 2021 (25/12/2021)","$1 USD = ₹75.1182","US Dollar rates for 25/12/2021"
"Sunday 26 December 2021 (26/12/2021)","$1 USD = ₹75.3972","US Dollar rates for 26/12/2021"
"Monday 27 December 2021 (27/12/2021)","$1 USD = ₹74.9799","US Dollar rates for 27/12/2021"
"Tuesday 28 December 2021 (28/12/2021)","$1 USD = ₹74.7208","US Dollar rates for 28/12/2021"
"Wednesday 29 December 2021 (29/12/2021)","$1 USD = ₹74.5582","US Dollar rates for 29/12/2021"
"Thursday 30 December 2021 (30/12/2021)","$1 USD = ₹74.438","US Dollar rates for 30/12/2021"
"Friday 31 December 2021 (31/12/2021)","$1 USD = ₹74.5113","US Dollar rates for 31/12/2021"
"Saturday 1 January 2022 (01/01/2022)","$1 USD = ₹74.5133","US Dollar rates for 01/01/2022"
"Sunday 2 January 2022 (02/01/2022)","$1 USD = ₹74.5055","US Dollar rates for 02/01/2022"
"Monday 3 January 2022 (03/01/2022)","$1 USD = ₹74.3961","US Dollar rates for 03/01/2022"
"Tuesday 4 January 2022 (04/01/2022)","$1 USD = ₹74.5291","US Dollar rates for 04/01/2022"
"Wednesday 5 January 2022 (05/01/2022)","$1 USD = ₹74.4299","US Dollar rates for 05/01/2022"
"Thursday 6 January 2022 (06/01/2022)","$1 USD = ₹74.4242","US Dollar rates for 06/01/2022"
"Friday 7 January 2022 (07/01/2022)","$1 USD = ₹74.4649","US Dollar rates for 07/01/2022"
"Saturday 8 January 2022 (08/01/2022)","$1 USD = ₹74.2325","US Dollar rates for 08/01/2022"
"Sunday 9 January 2022 (09/01/2022)","$1 USD = ₹74.2493","US Dollar rates for 09/01/2022"
"Monday 10 January 2022 (10/01/2022)","$1 USD = ₹74.0557","US Dollar rates for 10/01/2022"
"Tuesday 11 January 2022 (11/01/2022)","$1 USD = ₹73.8209","US Dollar rates for 11/01/2022"
"Wednesday 12 January 2022 (12/01/2022)","$1 USD = ₹73.8102","US Dollar rates for 12/01/2022"
"Thursday 13 January 2022 (13/01/2022)","$1 USD = ₹73.9723","US Dollar rates for 13/01/2022"
"Friday 14 January 2022 (14/01/2022)","$1 USD = ₹74.1589","US Dollar rates for 14/01/2022"
"Saturday 15 January 2022 (15/01/2022)","$1 USD = ₹74.3892","US Dollar rates for 15/01/2022"
"Sunday 16 January 2022 (16/01/2022)","$1 USD = ₹74.27","US Dollar rates for 16/01/2022"
"Monday 17 January 2022 (17/01/2022)","$1 USD = ₹74.2474","US Dollar rates for 17/01/2022"
"Tuesday 18 January 2022 (18/01/2022)","$1 USD = ₹74.6167","US Dollar rates for 18/01/2022"
"Wednesday 19 January 2022 (19/01/2022)","$1 USD = ₹74.4605","US Dollar rates for 19/01/2022"
"Thursday 20 January 2022 (20/01/2022)","$1 USD = ₹74.4368","US Dollar rates for 20/01/2022"
"Friday 21 January 2022 (21/01/2022)","$1 USD = ₹74.4231","US Dollar rates for 21/01/2022"
"Saturday 22 January 2022 (22/01/2022)","$1 USD = ₹74.4231","US Dollar rates for 22/01/2022"
"Sunday 23 January 2022 (23/01/2022)","$1 USD = ₹74.4138","US Dollar rates for 23/01/2022"
"Monday 24 January 2022 (24/01/2022)","$1 USD = ₹74.6396","US Dollar rates for 24/01/2022"
"Tuesday 25 January 2022 (25/01/2022)","$1 USD = ₹74.7551","US Dollar rates for 25/01/2022"
"Wednesday 26 January 2022 (26/01/2022)","$1 USD = ₹75.029","US Dollar rates for 26/01/2022"
"Thursday 27 January 2022 (27/01/2022)","$1 USD = ₹75.2139","US Dollar rates for 27/01/2022"
"Friday 28 January 2022 (28/01/2022)","$1 USD = ₹75","US Dollar rates for 28/01/2022"
"Saturday 29 January 2022 (29/01/2022)","$1 USD = ₹75.0016","US Dollar rates for 29/01/2022"
"Sunday 30 January 2022 (30/01/2022)","$1 USD = ₹75.0327","US Dollar rates for 30/01/2022"
"Monday 31 January 2022 (31/01/2022)","$1 USD = ₹74.5646","US Dollar rates for 31/01/2022"
"Tuesday 1 February 2022 (01/02/2022)","$1 USD = ₹74.7633","US Dollar rates for 01/02/2022"
"Wednesday 2 February 2022 (02/02/2022)","$1 USD = ₹74.8196","US Dollar rates for 02/02/2022"
"Thursday 3 February 2022 (03/02/2022)","$1 USD = ₹74.6513","US Dollar rates for 03/02/2022"
"Friday 4 February 2022 (04/02/2022)","$1 USD = ₹74.644","US Dollar rates for 04/02/2022"
"Saturday 5 February 2022 (05/02/2022)","$1 USD = ₹74.6453","US Dollar rates for 05/02/2022"
"Sunday 6 February 2022 (06/02/2022)","$1 USD = ₹74.6503","US Dollar rates for 06/02/2022"
"Monday 7 February 2022 (07/02/2022)","$1 USD = ₹74.6494","US Dollar rates for 07/02/2022"
"Tuesday 8 February 2022 (08/02/2022)","$1 USD = ₹74.6892","US Dollar rates for 08/02/2022"
"Wednesday 9 February 2022 (09/02/2022)","$1 USD = ₹74.8108","US Dollar rates for 09/02/2022"
"Thursday 10 February 2022 (10/02/2022)","$1 USD = ₹75.5579","US Dollar rates for 10/02/2022"
"Friday 11 February 2022 (11/02/2022)","$1 USD = ₹75.643","US Dollar rates for 11/02/2022"
"Saturday 12 February 2022 (12/02/2022)","$1 USD = ₹75.6403","US Dollar rates for 12/02/2022"
"Sunday 13 February 2022 (13/02/2022)","$1 USD = ₹75.4476","US Dollar rates for 13/02/2022"
"Monday 14 February 2022 (14/02/2022)","$1 USD = ₹75.6868","US Dollar rates for 14/02/2022"
"Tuesday 15 February 2022 (15/02/2022)","$1 USD = ₹75.1992","US Dollar rates for 15/02/2022"
"Wednesday 16 February 2022 (16/02/2022)","$1 USD = ₹74.972","US Dollar rates for 16/02/2022"
"Thursday 17 February 2022 (17/02/2022)","$1 USD = ₹75.0902","US Dollar rates for 17/02/2022"
"Friday 18 February 2022 (18/02/2022)","$1 USD = ₹74.6854","US Dollar rates for 18/02/2022"
"Saturday 19 February 2022 (19/02/2022)","$1 USD = ₹74.6854","US Dollar rates for 19/02/2022"
"Sunday 20 February 2022 (20/02/2022)","$1 USD = ₹74.6939","US Dollar rates for 20/02/2022"
"Monday 21 February 2022 (21/02/2022)","$1 USD = ₹74.8225","US Dollar rates for 21/02/2022"
"Tuesday 22 February 2022 (22/02/2022)","$1 USD = ₹74.6429","US Dollar rates for 22/02/2022"
"Wednesday 23 February 2022 (23/02/2022)","$1 USD = ₹74.6633","US Dollar rates for 23/02/2022"
"Thursday 24 February 2022 (24/02/2022)","$1 USD = ₹75.4138","US Dollar rates for 24/02/2022"
"Friday 25 February 2022 (25/02/2022)","$1 USD = ₹75.0527","US Dollar rates for 25/02/2022"
"Saturday 26 February 2022 (26/02/2022)","$1 USD = ₹75.0727","US Dollar rates for 26/02/2022"
"Sunday 27 February 2022 (27/02/2022)","$1 USD = ₹75.0345","US Dollar rates for 27/02/2022"
"Monday 28 February 2022 (28/02/2022)","$1 USD = ₹75.2889","US Dollar rates for 28/02/2022"
"Tuesday 1 March 2022 (01/03/2022)","$1 USD = ₹75.782","US Dollar rates for 01/03/2022"
"Wednesday 2 March 2022 (02/03/2022)","$1 USD = ₹75.5934","US Dollar rates for 02/03/2022"
"Thursday 3 March 2022 (03/03/2022)","$1 USD = ₹75.8766","US Dollar rates for 03/03/2022"
"Friday 4 March 2022 (04/03/2022)","$1 USD = ₹76.4284","US Dollar rates for 04/03/2022"
"Saturday 5 March 2022 (05/03/2022)","$1 USD = ₹76.4157","US Dollar rates for 05/03/2022"
"Sunday 6 March 2022 (06/03/2022)","$1 USD = ₹76.4392","US Dollar rates for 06/03/2022"
"Monday 7 March 2022 (07/03/2022)","$1 USD = ₹77.0668","US Dollar rates for 07/03/2022"
"Tuesday 8 March 2022 (08/03/2022)","$1 USD = ₹76.9013","US Dollar rates for 08/03/2022"
"Wednesday 9 March 2022 (09/03/2022)","$1 USD = ₹76.1058","US Dollar rates for 09/03/2022"
"Thursday 10 March 2022 (10/03/2022)","$1 USD = ₹76.293","US Dollar rates for 10/03/2022"
"Friday 11 March 2022 (11/03/2022)","$1 USD = ₹76.7586","US Dollar rates for 11/03/2022"
"Saturday 12 March 2022 (12/03/2022)","$1 USD = ₹76.7563","US Dollar rates for 12/03/2022"
"Sunday 13 March 2022 (13/03/2022)","$1 USD = ₹76.7532","US Dollar rates for 13/03/2022"
"Monday 14 March 2022 (14/03/2022)","$1 USD = ₹76.4914","US Dollar rates for 14/03/2022"
"Tuesday 15 March 2022 (15/03/2022)","$1 USD = ₹76.2599","US Dollar rates for 15/03/2022"
"Wednesday 16 March 2022 (16/03/2022)","$1 USD = ₹76.0198","US Dollar rates for 16/03/2022"
"Thursday 17 March 2022 (17/03/2022)","$1 USD = ₹75.9657","US Dollar rates for 17/03/2022"
"Friday 18 March 2022 (18/03/2022)","$1 USD = ₹75.9467","US Dollar rates for 18/03/2022"
"Saturday 19 March 2022 (19/03/2022)","$1 USD = ₹75.9467","US Dollar rates for 19/03/2022"
"Sunday 20 March 2022 (20/03/2022)","$1 USD = ₹75.9979","US Dollar rates for 20/03/2022"
"Monday 21 March 2022 (21/03/2022)","$1 USD = ₹76.3033","US Dollar rates for 21/03/2022"
"Tuesday 22 March 2022 (22/03/2022)","$1 USD = ₹76.1117","US Dollar rates for 22/03/2022"
"Wednesday 23 March 2022 (23/03/2022)","$1 USD = ₹76.5448","US Dollar rates for 23/03/2022"
"Thursday 24 March 2022 (24/03/2022)","$1 USD = ₹76.3182","US Dollar rates for 24/03/2022"
"Friday 25 March 2022 (25/03/2022)","$1 USD = ₹76.2762","US Dollar rates for 25/03/2022"
"Saturday 26 March 2022 (26/03/2022)","$1 USD = ₹76.2748","US Dollar rates for 26/03/2022"
"Sunday 27 March 2022 (27/03/2022)","$1 USD = ₹76.2873","US Dollar rates for 27/03/2022"
"Monday 28 March 2022 (28/03/2022)","$1 USD = ₹76.0482","US Dollar rates for 28/03/2022"
"Tuesday 29 March 2022 (29/03/2022)","$1 USD = ₹75.667","US Dollar rates for 29/03/2022"
"Wednesday 30 March 2022 (30/03/2022)","$1 USD = ₹75.8253","US Dollar rates for 30/03/2022"
"Thursday 31 March 2022 (31/03/2022)","$1 USD = ₹75.9103","US Dollar rates for 31/03/2022"
"Friday 1 April 2022 (01/04/2022)","$1 USD = ₹75.953","US Dollar rates for 01/04/2022"
"Saturday 2 April 2022 (02/04/2022)","$1 USD = ₹75.9575","US Dollar rates for 02/04/2022"
"Sunday 3 April 2022 (03/04/2022)","$1 USD = ₹75.9808","US Dollar rates for 03/04/2022"
"Monday 4 April 2022 (04/04/2022)","$1 USD = ₹75.4533","US Dollar rates for 04/04/2022"
"Tuesday 5 April 2022 (05/04/2022)","$1 USD = ₹75.4492","US Dollar rates for 05/04/2022"
"Wednesday 6 April 2022 (06/04/2022)","$1 USD = ₹75.9458","US Dollar rates for 06/04/2022"
"Thursday 7 April 2022 (07/04/2022)","$1 USD = ₹75.9148","US Dollar rates for 07/04/2022"
"Friday 8 April 2022 (08/04/2022)","$1 USD = ₹75.9198","US Dollar rates for 08/04/2022"
"Saturday 9 April 2022 (09/04/2022)","$1 USD = ₹75.9198","US Dollar rates for 09/04/2022"
"Sunday 10 April 2022 (10/04/2022)","$1 USD = ₹75.914","US Dollar rates for 10/04/2022"
"Monday 11 April 2022 (11/04/2022)","$1 USD = ₹75.8364","US Dollar rates for 11/04/2022"
"Tuesday 12 April 2022 (12/04/2022)","$1 USD = ₹76.1617","US Dollar rates for 12/04/2022"
"Wednesday 13 April 2022 (13/04/2022)","$1 USD = ₹76.1336","US Dollar rates for 13/04/2022"
"Thursday 14 April 2022 (14/04/2022)","$1 USD = ₹76.3102","US Dollar rates for 14/04/2022"
"Friday 15 April 2022 (15/04/2022)","$1 USD = ₹76.3316","US Dollar rates for 15/04/2022"
"Saturday 16 April 2022 (16/04/2022)","$1 USD = ₹76.3315","US Dollar rates for 16/04/2022"
"Sunday 17 April 2022 (17/04/2022)","$1 USD = ₹76.3059","US Dollar rates for 17/04/2022"
"Monday 18 April 2022 (18/04/2022)","$1 USD = ₹76.2844","US Dollar rates for 18/04/2022"
"Tuesday 19 April 2022 (19/04/2022)","$1 USD = ₹76.4361","US Dollar rates for 19/04/2022"
"Wednesday 20 April 2022 (20/04/2022)","$1 USD = ₹76.2386","US Dollar rates for 20/04/2022"
"Thursday 21 April 2022 (21/04/2022)","$1 USD = ₹76.2567","US Dollar rates for 21/04/2022"
"Friday 22 April 2022 (22/04/2022)","$1 USD = ₹76.4636","US Dollar rates for 22/04/2022"
"Saturday 23 April 2022 (23/04/2022)","$1 USD = ₹76.4676","US Dollar rates for 23/04/2022"
"Sunday 24 April 2022 (24/04/2022)","$1 USD = ₹76.489","US Dollar rates for 24/04/2022"
"Monday 25 April 2022 (25/04/2022)","$1 USD = ₹76.516","US Dollar rates for 25/04/2022"
"Tuesday 26 April 2022 (26/04/2022)","$1 USD = ₹76.7943","US Dollar rates for 26/04/2022"
"Wednesday 27 April 2022 (27/04/2022)","$1 USD = ₹76.4625","US Dollar rates for 27/04/2022"
"Thursday 28 April 2022 (28/04/2022)","$1 USD = ₹76.6023","US Dollar rates for 28/04/2022"
"Friday 29 April 2022 (29/04/2022)","$1 USD = ₹76.5278","US Dollar rates for 29/04/2022"
"Saturday 30 April 2022 (30/04/2022)","$1 USD = ₹76.5278","US Dollar rates for 30/04/2022"
"Sunday 1 May 2022 (01/05/2022)","$1 USD = ₹76.5276","US Dollar rates for 01/05/2022"
"Monday 2 May 2022 (02/05/2022)","$1 USD = ₹76.5214","US Dollar rates for 02/05/2022"
"Tuesday 3 May 2022 (03/05/2022)","$1 USD = ₹76.445","US Dollar rates for 03/05/2022"
"Wednesday 4 May 2022 (04/05/2022)","$1 USD = ₹75.983","US Dollar rates for 04/05/2022"
"Thursday 5 May 2022 (05/05/2022)","$1 USD = ₹76.5125","US Dollar rates for 05/05/2022"
"Friday 6 May 2022 (06/05/2022)","$1 USD = ₹76.9562","US Dollar rates for 06/05/2022"
"Saturday 7 May 2022 (07/05/2022)","$1 USD = ₹76.9526","US Dollar rates for 07/05/2022"
"Sunday 8 May 2022 (08/05/2022)","$1 USD = ₹76.9606","US Dollar rates for 08/05/2022"
"Monday 9 May 2022 (09/05/2022)","$1 USD = ₹77.3594","US Dollar rates for 09/05/2022"
"Tuesday 10 May 2022 (10/05/2022)","$1 USD = ₹77.2835","US Dollar rates for 10/05/2022"
"Wednesday 11 May 2022 (11/05/2022)","$1 USD = ₹77.4148","US Dollar rates for 11/05/2022"
"Thursday 12 May 2022 (12/05/2022)","$1 USD = ₹77.4577","US Dollar rates for 12/05/2022"
"Friday 13 May 2022 (13/05/2022)","$1 USD = ₹77.4849","US Dollar rates for 13/05/2022"
"Saturday 14 May 2022 (14/05/2022)","$1 USD = ₹77.4865","US Dollar rates for 14/05/2022"
"Sunday 15 May 2022 (15/05/2022)","$1 USD = ₹77.4814","US Dollar rates for 15/05/2022"
"Monday 16 May 2022 (16/05/2022)","$1 USD = ₹77.7852","US Dollar rates for 16/05/2022"
"Tuesday 17 May 2022 (17/05/2022)","$1 USD = ₹77.3736","US Dollar rates for 17/05/2022"
"Wednesday 18 May 2022 (18/05/2022)","$1 USD = ₹77.8201","US Dollar rates for 18/05/2022"
"Thursday 19 May 2022 (19/05/2022)","$1 USD = ₹77.4135","US Dollar rates for 19/05/2022"
"Friday 20 May 2022 (20/05/2022)","$1 USD = ₹77.8217","US Dollar rates for 20/05/2022"
"Saturday 21 May 2022 (21/05/2022)","$1 USD = ₹77.8217","US Dollar rates for 21/05/2022"
"Sunday 22 May 2022 (22/05/2022)","$1 USD = ₹77.8085","US Dollar rates for 22/05/2022"
"Monday 23 May 2022 (23/05/2022)","$1 USD = ₹77.5205","US Dollar rates for 23/05/2022"
"Tuesday 24 May 2022 (24/05/2022)","$1 USD = ₹77.5125","US Dollar rates for 24/05/2022"
"Wednesday 25 May 2022 (25/05/2022)","$1 USD = ₹77.4588","US Dollar rates for 25/05/2022"
"Thursday 26 May 2022 (26/05/2022)","$1 USD = ₹77.6326","US Dollar rates for 26/05/2022"
"Friday 27 May 2022 (27/05/2022)","$1 USD = ₹77.6943","US Dollar rates for 27/05/2022"
"Saturday 28 May 2022 (28/05/2022)","$1 USD = ₹77.6928","US Dollar rates for 28/05/2022"
"Sunday 29 May 2022 (29/05/2022)","$1 USD = ₹77.6811","US Dollar rates for 29/05/2022"
"Monday 30 May 2022 (30/05/2022)","$1 USD = ₹77.5668","US Dollar rates for 30/05/2022"
"Tuesday 31 May 2022 (31/05/2022)","$1 USD = ₹77.5918","US Dollar rates for 31/05/2022"
"Wednesday 1 June 2022 (01/06/2022)","$1 USD = ₹77.5829","US Dollar rates for 01/06/2022"
"Thursday 2 June 2022 (02/06/2022)","$1 USD = ₹77.3861","US Dollar rates for 02/06/2022"
"Friday 3 June 2022 (03/06/2022)","$1 USD = ₹77.6929","US Dollar rates for 03/06/2022"
"Saturday 4 June 2022 (04/06/2022)","$1 USD = ₹77.6965","US Dollar rates for 04/06/2022"
"Sunday 5 June 2022 (05/06/2022)","$1 USD = ₹77.6399","US Dollar rates for 05/06/2022"
"Monday 6 June 2022 (06/06/2022)","$1 USD = ₹77.8193","US Dollar rates for 06/06/2022"
"Tuesday 7 June 2022 (07/06/2022)","$1 USD = ₹77.6523","US Dollar rates for 07/06/2022"
"Wednesday 8 June 2022 (08/06/2022)","$1 USD = ₹77.7319","US Dollar rates for 08/06/2022"
"Thursday 9 June 2022 (09/06/2022)","$1 USD = ₹77.834","US Dollar rates for 09/06/2022"
"Friday 10 June 2022 (10/06/2022)","$1 USD = ₹78.1753","US Dollar rates for 10/06/2022"
"Saturday 11 June 2022 (11/06/2022)","$1 USD = ₹78.18","US Dollar rates for 11/06/2022"
"Sunday 12 June 2022 (12/06/2022)","$1 USD = ₹78.1675","US Dollar rates for 12/06/2022"
"Monday 13 June 2022 (13/06/2022)","$1 USD = ₹78.1503","US Dollar rates for 13/06/2022"
"Tuesday 14 June 2022 (14/06/2022)","$1 USD = ₹77.9938","US Dollar rates for 14/06/2022"
"Wednesday 15 June 2022 (15/06/2022)","$1 USD = ₹77.8748","US Dollar rates for 15/06/2022"
"Thursday 16 June 2022 (16/06/2022)","$1 USD = ₹77.9862","US Dollar rates for 16/06/2022"
"Friday 17 June 2022 (17/06/2022)","$1 USD = ₹77.9616","US Dollar rates for 17/06/2022"
"Saturday 18 June 2022 (18/06/2022)","$1 USD = ₹77.9584","US Dollar rates for 18/06/2022"
"Sunday 19 June 2022 (19/06/2022)","$1 USD = ₹77.9602","US Dollar rates for 19/06/2022"
"Monday 20 June 2022 (20/06/2022)","$1 USD = ₹77.9183","US Dollar rates for 20/06/2022"
"Tuesday 21 June 2022 (21/06/2022)","$1 USD = ₹78.1285","US Dollar rates for 21/06/2022"
"Wednesday 22 June 2022 (22/06/2022)","$1 USD = ₹78.2045","US Dollar rates for 22/06/2022"
"Thursday 23 June 2022 (23/06/2022)","$1 USD = ₹78.1522","US Dollar rates for 23/06/2022"
"Friday 24 June 2022 (24/06/2022)","$1 USD = ₹78.2493","US Dollar rates for 24/06/2022"
"Saturday 25 June 2022 (25/06/2022)","$1 USD = ₹78.2493","US Dollar rates for 25/06/2022"
"Sunday 26 June 2022 (26/06/2022)","$1 USD = ₹78.2321","US Dollar rates for 26/06/2022"
"Monday 27 June 2022 (27/06/2022)","$1 USD = ₹78.4272","US Dollar rates for 27/06/2022"
"Tuesday 28 June 2022 (28/06/2022)","$1 USD = ₹79.0558","US Dollar rates for 28/06/2022"
"Wednesday 29 June 2022 (29/06/2022)","$1 USD = ₹78.8985","US Dollar rates for 29/06/2022"
"Thursday 30 June 2022 (30/06/2022)","$1 USD = ₹78.9732","US Dollar rates for 30/06/2022"
"Friday 1 July 2022 (01/07/2022)","$1 USD = ₹78.9509","US Dollar rates for 01/07/2022"
"Saturday 2 July 2022 (02/07/2022)","$1 USD = ₹78.9509","US Dollar rates for 02/07/2022"
"Sunday 3 July 2022 (03/07/2022)","$1 USD = ₹78.9274","US Dollar rates for 03/07/2022"
"Monday 4 July 2022 (04/07/2022)","$1 USD = ₹78.9454","US Dollar rates for 04/07/2022"
"Tuesday 5 July 2022 (05/07/2022)","$1 USD = ₹79.3817","US Dollar rates for 05/07/2022"
"Wednesday 6 July 2022 (06/07/2022)","$1 USD = ₹79.0395","US Dollar rates for 06/07/2022"
"Thursday 7 July 2022 (07/07/2022)","$1 USD = ₹79.194","US Dollar rates for 07/07/2022"
"Friday 8 July 2022 (08/07/2022)","$1 USD = ₹79.3349","US Dollar rates for 08/07/2022"
"Saturday 9 July 2022 (09/07/2022)","$1 USD = ₹79.3299","US Dollar rates for 09/07/2022"
"Sunday 10 July 2022 (10/07/2022)","$1 USD = ₹79.3076","US Dollar rates for 10/07/2022"
"Monday 11 July 2022 (11/07/2022)","$1 USD = ₹79.497","US Dollar rates for 11/07/2022"
"Tuesday 12 July 2022 (12/07/2022)","$1 USD = ₹79.4979","US Dollar rates for 12/07/2022"
"Wednesday 13 July 2022 (13/07/2022)","$1 USD = ₹79.8138","US Dollar rates for 13/07/2022"
"Thursday 14 July 2022 (14/07/2022)","$1 USD = ₹79.8951","US Dollar rates for 14/07/2022"
"Friday 15 July 2022 (15/07/2022)","$1 USD = ₹79.7005","US Dollar rates for 15/07/2022"
"Saturday 16 July 2022 (16/07/2022)","$1 USD = ₹79.7888","US Dollar rates for 16/07/2022"
"Sunday 17 July 2022 (17/07/2022)","$1 USD = ₹79.7122","US Dollar rates for 17/07/2022"
"Monday 18 July 2022 (18/07/2022)","$1 USD = ₹80.064","US Dollar rates for 18/07/2022"
"Tuesday 19 July 2022 (19/07/2022)","$1 USD = ₹79.8701","US Dollar rates for 19/07/2022"
"Wednesday 20 July 2022 (20/07/2022)","$1 USD = ₹79.9992","US Dollar rates for 20/07/2022"
"Thursday 21 July 2022 (21/07/2022)","$1 USD = ₹79.7791","US Dollar rates for 21/07/2022"
"Friday 22 July 2022 (22/07/2022)","$1 USD = ₹79.859","US Dollar rates for 22/07/2022"
"Saturday 23 July 2022 (23/07/2022)","$1 USD = ₹79.8793","US Dollar rates for 23/07/2022"
"Sunday 24 July 2022 (24/07/2022)","$1 USD = ₹79.862","US Dollar rates for 24/07/2022"
"Monday 25 July 2022 (25/07/2022)","$1 USD = ₹79.7207","US Dollar rates for 25/07/2022"
"Tuesday 26 July 2022 (26/07/2022)","$1 USD = ₹79.8414","US Dollar rates for 26/07/2022"
"Wednesday 27 July 2022 (27/07/2022)","$1 USD = ₹79.8464","US Dollar rates for 27/07/2022"
"Thursday 28 July 2022 (28/07/2022)","$1 USD = ₹79.5705","US Dollar rates for 28/07/2022"
"Friday 29 July 2022 (29/07/2022)","$1 USD = ₹79.1729","US Dollar rates for 29/07/2022"
"Saturday 30 July 2022 (30/07/2022)","$1 USD = ₹79.195","US Dollar rates for 30/07/2022"
"Sunday 31 July 2022 (31/07/2022)","$1 USD = ₹79.2147","US Dollar rates for 31/07/2022"
"Monday 1 August 2022 (01/08/2022)","$1 USD = ₹78.9565","US Dollar rates for 01/08/2022"
"Tuesday 2 August 2022 (02/08/2022)","$1 USD = ₹78.6069","US Dollar rates for 02/08/2022"
"Wednesday 3 August 2022 (03/08/2022)","$1 USD = ₹79.1182","US Dollar rates for 03/08/2022"
"Thursday 4 August 2022 (04/08/2022)","$1 USD = ₹79.4322","US Dollar rates for 04/08/2022"
"Friday 5 August 2022 (05/08/2022)","$1 USD = ₹79.4141","US Dollar rates for 05/08/2022"
"Saturday 6 August 2022 (06/08/2022)","$1 USD = ₹79.41","US Dollar rates for 06/08/2022"
"Sunday 7 August 2022 (07/08/2022)","$1 USD = ₹79.4419","US Dollar rates for 07/08/2022"
"Monday 8 August 2022 (08/08/2022)","$1 USD = ₹79.6047","US Dollar rates for 08/08/2022"
"Tuesday 9 August 2022 (09/08/2022)","$1 USD = ₹79.5758","US Dollar rates for 09/08/2022"
"Wednesday 10 August 2022 (10/08/2022)","$1 USD = ₹79.0897","US Dollar rates for 10/08/2022"
"Thursday 11 August 2022 (11/08/2022)","$1 USD = ₹79.6093","US Dollar rates for 11/08/2022"
"Friday 12 August 2022 (12/08/2022)","$1 USD = ₹79.6261","US Dollar rates for 12/08/2022"
"Saturday 13 August 2022 (13/08/2022)","$1 USD = ₹79.6261","US Dollar rates for 13/08/2022"
"Sunday 14 August 2022 (14/08/2022)","$1 USD = ₹79.6305","US Dollar rates for 14/08/2022"
"Monday 15 August 2022 (15/08/2022)","$1 USD = ₹79.5565","US Dollar rates for 15/08/2022"
"Tuesday 16 August 2022 (16/08/2022)","$1 USD = ₹79.1528","US Dollar rates for 16/08/2022"
"Wednesday 17 August 2022 (17/08/2022)","$1 USD = ₹79.3688","US Dollar rates for 17/08/2022"
"Thursday 18 August 2022 (18/08/2022)","$1 USD = ₹79.7661","US Dollar rates for 18/08/2022"
"Friday 19 August 2022 (19/08/2022)","$1 USD = ₹79.9157","US Dollar rates for 19/08/2022"
"Saturday 20 August 2022 (20/08/2022)","$1 USD = ₹79.9147","US Dollar rates for 20/08/2022"
"Sunday 21 August 2022 (21/08/2022)","$1 USD = ₹79.9376","US Dollar rates for 21/08/2022"
"Monday 22 August 2022 (22/08/2022)","$1 USD = ₹79.8703","US Dollar rates for 22/08/2022"
"Tuesday 23 August 2022 (23/08/2022)","$1 USD = ₹79.8483","US Dollar rates for 23/08/2022"
"Wednesday 24 August 2022 (24/08/2022)","$1 USD = ₹79.797","US Dollar rates for 24/08/2022"
"Thursday 25 August 2022 (25/08/2022)","$1 USD = ₹79.8766","US Dollar rates for 25/08/2022"
"Friday 26 August 2022 (26/08/2022)","$1 USD = ₹79.9593","US Dollar rates for 26/08/2022"
"Saturday 27 August 2022 (27/08/2022)","$1 USD = ₹79.9569","US Dollar rates for 27/08/2022"
"Sunday 28 August 2022 (28/08/2022)","$1 USD = ₹79.9763","US Dollar rates for 28/08/2022"
"Monday 29 August 2022 (29/08/2022)","$1 USD = ₹79.9679","US Dollar rates for 29/08/2022"
"Tuesday 30 August 2022 (30/08/2022)","$1 USD = ₹79.6767","US Dollar rates for 30/08/2022"
"Wednesday 31 August 2022 (31/08/2022)","$1 USD = ₹79.5462","US Dollar rates for 31/08/2022"
"Thursday 1 September 2022 (01/09/2022)","$1 USD = ₹79.7515","US Dollar rates for 01/09/2022"
"Friday 2 September 2022 (02/09/2022)","$1 USD = ₹79.6776","US Dollar rates for 02/09/2022"
"Saturday 3 September 2022 (03/09/2022)","$1 USD = ₹79.7212","US Dollar rates for 03/09/2022"
"Sunday 4 September 2022 (04/09/2022)","$1 USD = ₹79.6946","US Dollar rates for 04/09/2022"
"Monday 5 September 2022 (05/09/2022)","$1 USD = ₹80.1146","US Dollar rates for 05/09/2022"
"Tuesday 6 September 2022 (06/09/2022)","$1 USD = ₹79.9482","US Dollar rates for 06/09/2022"
"Wednesday 7 September 2022 (07/09/2022)","$1 USD = ₹79.6449","US Dollar rates for 07/09/2022"
"Thursday 8 September 2022 (08/09/2022)","$1 USD = ₹79.723","US Dollar rates for 08/09/2022"
"Friday 9 September 2022 (09/09/2022)","$1 USD = ₹79.6832","US Dollar rates for 09/09/2022"
"Saturday 10 September 2022 (10/09/2022)","$1 USD = ₹79.6589","US Dollar rates for 10/09/2022"
"Sunday 11 September 2022 (11/09/2022)","$1 USD = ₹79.665","US Dollar rates for 11/09/2022"
"Monday 12 September 2022 (12/09/2022)","$1 USD = ₹79.3629","US Dollar rates for 12/09/2022"
"Tuesday 13 September 2022 (13/09/2022)","$1 USD = ₹79.5762","US Dollar rates for 13/09/2022"
"Wednesday 14 September 2022 (14/09/2022)","$1 USD = ₹79.4662","US Dollar rates for 14/09/2022"
"Thursday 15 September 2022 (15/09/2022)","$1 USD = ₹79.8407","US Dollar rates for 15/09/2022"
"Friday 16 September 2022 (16/09/2022)","$1 USD = ₹79.6932","US Dollar rates for 16/09/2022"
"Saturday 17 September 2022 (17/09/2022)","$1 USD = ₹79.6931","US Dollar rates for 17/09/2022"
"Sunday 18 September 2022 (18/09/2022)","$1 USD = ₹79.6691","US Dollar rates for 18/09/2022"
"Monday 19 September 2022 (19/09/2022)","$1 USD = ₹79.7074","US Dollar rates for 19/09/2022"
"Tuesday 20 September 2022 (20/09/2022)","$1 USD = ₹79.7773","US Dollar rates for 20/09/2022"
"Wednesday 21 September 2022 (21/09/2022)","$1 USD = ₹80.0488","US Dollar rates for 21/09/2022"
"Thursday 22 September 2022 (22/09/2022)","$1 USD = ₹81.0561","US Dollar rates for 22/09/2022"
"Friday 23 September 2022 (23/09/2022)","$1 USD = ₹81.2522","US Dollar rates for 23/09/2022"
"Saturday 24 September 2022 (24/09/2022)","$1 USD = ₹81.249","US Dollar rates for 24/09/2022"
"Sunday 25 September 2022 (25/09/2022)","$1 USD = ₹81.242","US Dollar rates for 25/09/2022"
"Monday 26 September 2022 (26/09/2022)","$1 USD = ₹81.5634","US Dollar rates for 26/09/2022"
"Tuesday 27 September 2022 (27/09/2022)","$1 USD = ₹81.7659","US Dollar rates for 27/09/2022"
"Wednesday 28 September 2022 (28/09/2022)","$1 USD = ₹81.4562","US Dollar rates for 28/09/2022"
"Thursday 29 September 2022 (29/09/2022)","$1 USD = ₹81.5239","US Dollar rates for 29/09/2022"
"Friday 30 September 2022 (30/09/2022)","$1 USD = ₹81.8031","US Dollar rates for 30/09/2022"
"Saturday 1 October 2022 (01/10/2022)","$1 USD = ₹81.6384","US Dollar rates for 01/10/2022"
"Sunday 2 October 2022 (02/10/2022)","$1 USD = ₹81.6849","US Dollar rates for 02/10/2022"
"Monday 3 October 2022 (03/10/2022)","$1 USD = ₹81.5174","US Dollar rates for 03/10/2022"
"Tuesday 4 October 2022 (04/10/2022)","$1 USD = ₹81.4785","US Dollar rates for 04/10/2022"
"Wednesday 5 October 2022 (05/10/2022)","$1 USD = ₹81.6286","US Dollar rates for 05/10/2022"
"Thursday 6 October 2022 (06/10/2022)","$1 USD = ₹82.3602","US Dollar rates for 06/10/2022"
"Friday 7 October 2022 (07/10/2022)","$1 USD = ₹82.8268","US Dollar rates for 07/10/2022"
"Saturday 8 October 2022 (08/10/2022)","$1 USD = ₹82.8283","US Dollar rates for 08/10/2022"
"Sunday 9 October 2022 (09/10/2022)","$1 USD = ₹82.8672","US Dollar rates for 09/10/2022"
"Monday 10 October 2022 (10/10/2022)","$1 USD = ₹82.3908","US Dollar rates for 10/10/2022"
"Tuesday 11 October 2022 (11/10/2022)","$1 USD = ₹82.2882","US Dollar rates for 11/10/2022"
"Wednesday 12 October 2022 (12/10/2022)","$1 USD = ₹82.2406","US Dollar rates for 12/10/2022"
"Thursday 13 October 2022 (13/10/2022)","$1 USD = ₹82.1706","US Dollar rates for 13/10/2022"
"Friday 14 October 2022 (14/10/2022)","$1 USD = ₹82.4353","US Dollar rates for 14/10/2022"
"Saturday 15 October 2022 (15/10/2022)","$1 USD = ₹82.4353","US Dollar rates for 15/10/2022"
"Sunday 16 October 2022 (16/10/2022)","$1 USD = ₹82.352","US Dollar rates for 16/10/2022"
"Monday 17 October 2022 (17/10/2022)","$1 USD = ₹82.2327","US Dollar rates for 17/10/2022"
"Tuesday 18 October 2022 (18/10/2022)","$1 USD = ₹82.2448","US Dollar rates for 18/10/2022"
"Wednesday 19 October 2022 (19/10/2022)","$1 USD = ₹83.0019","US Dollar rates for 19/10/2022"
"Thursday 20 October 2022 (20/10/2022)","$1 USD = ₹82.8123","US Dollar rates for 20/10/2022"
"Friday 21 October 2022 (21/10/2022)","$1 USD = ₹82.5446","US Dollar rates for 21/10/2022"
"Saturday 22 October 2022 (22/10/2022)","$1 USD = ₹82.5446","US Dollar rates for 22/10/2022"
"Sunday 23 October 2022 (23/10/2022)","$1 USD = ₹82.5885","US Dollar rates for 23/10/2022"
"Monday 24 October 2022 (24/10/2022)","$1 USD = ₹82.6889","US Dollar rates for 24/10/2022"
"Tuesday 25 October 2022 (25/10/2022)","$1 USD = ₹82.4893","US Dollar rates for 25/10/2022"
"Wednesday 26 October 2022 (26/10/2022)","$1 USD = ₹82.0682","US Dollar rates for 26/10/2022"
"Thursday 27 October 2022 (27/10/2022)","$1 USD = ₹82.4267","US Dollar rates for 27/10/2022"
"Friday 28 October 2022 (28/10/2022)","$1 USD = ₹82.2842","US Dollar rates for 28/10/2022"
"Saturday 29 October 2022 (29/10/2022)","$1 USD = ₹82.2912","US Dollar rates for 29/10/2022"
"Sunday 30 October 2022 (30/10/2022)","$1 USD = ₹82.2839","US Dollar rates for 30/10/2022"
"Monday 31 October 2022 (31/10/2022)","$1 USD = ₹82.7436","US Dollar rates for 31/10/2022"
"Tuesday 1 November 2022 (01/11/2022)","$1 USD = ₹82.6555","US Dollar rates for 01/11/2022"
"Wednesday 2 November 2022 (02/11/2022)","$1 USD = ₹82.8988","US Dollar rates for 02/11/2022"
"Thursday 3 November 2022 (03/11/2022)","$1 USD = ₹82.6522","US Dollar rates for 03/11/2022"
"Friday 4 November 2022 (04/11/2022)","$1 USD = ₹81.8866","US Dollar rates for 04/11/2022"
"Saturday 5 November 2022 (05/11/2022)","$1 USD = ₹81.9535","US Dollar rates for 05/11/2022"
"Sunday 6 November 2022 (06/11/2022)","$1 USD = ₹81.9891","US Dollar rates for 06/11/2022"
"Monday 7 November 2022 (07/11/2022)","$1 USD = ₹81.8284","US Dollar rates for 07/11/2022"
"Tuesday 8 November 2022 (08/11/2022)","$1 USD = ₹81.3708","US Dollar rates for 08/11/2022"
"Wednesday 9 November 2022 (09/11/2022)","$1 USD = ₹81.3333","US Dollar rates for 09/11/2022"
"Thursday 10 November 2022 (10/11/2022)","$1 USD = ₹80.4588","US Dollar rates for 10/11/2022"
"Friday 11 November 2022 (11/11/2022)","$1 USD = ₹80.6476","US Dollar rates for 11/11/2022"
"Saturday 12 November 2022 (12/11/2022)","$1 USD = ₹80.5506","US Dollar rates for 12/11/2022"
"Sunday 13 November 2022 (13/11/2022)","$1 USD = ₹80.5637","US Dollar rates for 13/11/2022"
"Monday 14 November 2022 (14/11/2022)","$1 USD = ₹80.9944","US Dollar rates for 14/11/2022"
"Tuesday 15 November 2022 (15/11/2022)","$1 USD = ₹81.0158","US Dollar rates for 15/11/2022"
"Wednesday 16 November 2022 (16/11/2022)","$1 USD = ₹81.4785","US Dollar rates for 16/11/2022"
"Thursday 17 November 2022 (17/11/2022)","$1 USD = ₹81.5317","US Dollar rates for 17/11/2022"
"Friday 18 November 2022 (18/11/2022)","$1 USD = ₹81.5201","US Dollar rates for 18/11/2022"
"Saturday 19 November 2022 (19/11/2022)","$1 USD = ₹81.5167","US Dollar rates for 19/11/2022"
"Sunday 20 November 2022 (20/11/2022)","$1 USD = ₹81.5487","US Dollar rates for 20/11/2022"
"Monday 21 November 2022 (21/11/2022)","$1 USD = ₹81.7162","US Dollar rates for 21/11/2022"
"Tuesday 22 November 2022 (22/11/2022)","$1 USD = ₹81.7018","US Dollar rates for 22/11/2022"
"Wednesday 23 November 2022 (23/11/2022)","$1 USD = ₹81.6264","US Dollar rates for 23/11/2022"
"Thursday 24 November 2022 (24/11/2022)","$1 USD = ₹81.6814","US Dollar rates for 24/11/2022"
"Friday 25 November 2022 (25/11/2022)","$1 USD = ₹81.6699","US Dollar rates for 25/11/2022"
"Saturday 26 November 2022 (26/11/2022)","$1 USD = ₹81.6698","US Dollar rates for 26/11/2022"
"Sunday 27 November 2022 (27/11/2022)","$1 USD = ₹81.6763","US Dollar rates for 27/11/2022"
"Monday 28 November 2022 (28/11/2022)","$1 USD = ₹81.6529","US Dollar rates for 28/11/2022"
"Tuesday 29 November 2022 (29/11/2022)","$1 USD = ₹81.6294","US Dollar rates for 29/11/2022"
"Wednesday 30 November 2022 (30/11/2022)","$1 USD = ₹81.3265","US Dollar rates for 30/11/2022"
"Thursday 1 December 2022 (01/12/2022)","$1 USD = ₹81.1591","US Dollar rates for 01/12/2022"
"Friday 2 December 2022 (02/12/2022)","$1 USD = ₹81.4231","US Dollar rates for 02/12/2022"
"Saturday 3 December 2022 (03/12/2022)","$1 USD = ₹81.4315","US Dollar rates for 03/12/2022"
"Sunday 4 December 2022 (04/12/2022)","$1 USD = ₹81.4166","US Dollar rates for 04/12/2022"
"Monday 5 December 2022 (05/12/2022)","$1 USD = ₹81.9167","US Dollar rates for 05/12/2022"
"Tuesday 6 December 2022 (06/12/2022)","$1 USD = ₹82.3681","US Dollar rates for 06/12/2022"
"Wednesday 7 December 2022 (07/12/2022)","$1 USD = ₹82.2521","US Dollar rates for 07/12/2022"
"Thursday 8 December 2022 (08/12/2022)","$1 USD = ₹82.2839","US Dollar rates for 08/12/2022"
"Friday 9 December 2022 (09/12/2022)","$1 USD = ₹82.4788","US Dollar rates for 09/12/2022"
"Saturday 10 December 2022 (10/12/2022)","$1 USD = ₹82.4378","US Dollar rates for 10/12/2022"
"Sunday 11 December 2022 (11/12/2022)","$1 USD = ₹82.449","US Dollar rates for 11/12/2022"
"Monday 12 December 2022 (12/12/2022)","$1 USD = ₹82.649","US Dollar rates for 12/12/2022"
"Tuesday 13 December 2022 (13/12/2022)","$1 USD = ₹82.4165","US Dollar rates for 13/12/2022"
"Wednesday 14 December 2022 (14/12/2022)","$1 USD = ₹82.4948","US Dollar rates for 14/12/2022"
"Thursday 15 December 2022 (15/12/2022)","$1 USD = ₹82.8612","US Dollar rates for 15/12/2022"
"Friday 16 December 2022 (16/12/2022)","$1 USD = ₹82.6823","US Dollar rates for 16/12/2022"
"Saturday 17 December 2022 (17/12/2022)","$1 USD = ₹82.6833","US Dollar rates for 17/12/2022"
"Sunday 18 December 2022 (18/12/2022)","$1 USD = ₹82.7341","US Dollar rates for 18/12/2022"
"Monday 19 December 2022 (19/12/2022)","$1 USD = ₹82.5924","US Dollar rates for 19/12/2022"
"Tuesday 20 December 2022 (20/12/2022)","$1 USD = ₹82.6239","US Dollar rates for 20/12/2022"
"Wednesday 21 December 2022 (21/12/2022)","$1 USD = ₹82.8857","US Dollar rates for 21/12/2022"
"Thursday 22 December 2022 (22/12/2022)","$1 USD = ₹82.8852","US Dollar rates for 22/12/2022"
"Friday 23 December 2022 (23/12/2022)","$1 USD = ₹82.6042","US Dollar rates for 23/12/2022"
"Saturday 24 December 2022 (24/12/2022)","$1 USD = ₹82.6043","US Dollar rates for 24/12/2022"
"Sunday 25 December 2022 (25/12/2022)","$1 USD = ₹82.6778","US Dollar rates for 25/12/2022"
"Monday 26 December 2022 (26/12/2022)","$1 USD = ₹82.9254","US Dollar rates for 26/12/2022"
"Tuesday 27 December 2022 (27/12/2022)","$1 USD = ₹82.7696","US Dollar rates for 27/12/2022"
"Wednesday 28 December 2022 (28/12/2022)","$1 USD = ₹82.8521","US Dollar rates for 28/12/2022"
"Thursday 29 December 2022 (29/12/2022)","$1 USD = ₹82.8324","US Dollar rates for 29/12/2022"
"Friday 30 December 2022 (30/12/2022)","$1 USD = ₹82.75","US Dollar rates for 30/12/2022"
"Saturday 31 December 2022 (31/12/2022)","$1 USD = ₹82.7696","US Dollar rates for 31/12/2022"
"Sunday 1 January 2023 (01/01/2023)","$1 USD = ₹82.7433","US Dollar rates for 01/01/2023"
"Monday 2 January 2023 (02/01/2023)","$1 USD = ₹82.6856","US Dollar rates for 02/01/2023"
"Tuesday 3 January 2023 (03/01/2023)","$1 USD = ₹82.7762","US Dollar rates for 03/01/2023"
"Wednesday 4 January 2023 (04/01/2023)","$1 USD = ₹82.6606","US Dollar rates for 04/01/2023"
"Thursday 5 January 2023 (05/01/2023)","$1 USD = ₹82.6444","US Dollar rates for 05/01/2023"
"Friday 6 January 2023 (06/01/2023)","$1 USD = ₹82.2735","US Dollar rates for 06/01/2023"
"Saturday 7 January 2023 (07/01/2023)","$1 USD = ₹82.2736","US Dollar rates for 07/01/2023"
"Sunday 8 January 2023 (08/01/2023)","$1 USD = ₹82.2616","US Dollar rates for 08/01/2023"
"Monday 9 January 2023 (09/01/2023)","$1 USD = ₹82.1432","US Dollar rates for 09/01/2023"
"Tuesday 10 January 2023 (10/01/2023)","$1 USD = ₹81.64","US Dollar rates for 10/01/2023"
"Wednesday 11 January 2023 (11/01/2023)","$1 USD = ₹81.7087","US Dollar rates for 11/01/2023"
"Thursday 12 January 2023 (12/01/2023)","$1 USD = ₹81.0903","US Dollar rates for 12/01/2023"
"Friday 13 January 2023 (13/01/2023)","$1 USD = ₹81.2851","US Dollar rates for 13/01/2023"
"Saturday 14 January 2023 (14/01/2023)","$1 USD = ₹81.2846","US Dollar rates for 14/01/2023"
"Sunday 15 January 2023 (15/01/2023)","$1 USD = ₹81.2847","US Dollar rates for 15/01/2023"
"Monday 16 January 2023 (16/01/2023)","$1 USD = ₹81.6453","US Dollar rates for 16/01/2023"
"Tuesday 17 January 2023 (17/01/2023)","$1 USD = ₹81.56","US Dollar rates for 17/01/2023"
"Wednesday 18 January 2023 (18/01/2023)","$1 USD = ₹81.4209","US Dollar rates for 18/01/2023"
"Thursday 19 January 2023 (19/01/2023)","$1 USD = ₹81.255","US Dollar rates for 19/01/2023"
"Friday 20 January 2023 (20/01/2023)","$1 USD = ₹80.9763","US Dollar rates for 20/01/2023"
"Saturday 21 January 2023 (21/01/2023)","$1 USD = ₹80.9762","US Dollar rates for 21/01/2023"
"Sunday 22 January 2023 (22/01/2023)","$1 USD = ₹80.9647","US Dollar rates for 22/01/2023"
"Monday 23 January 2023 (23/01/2023)","$1 USD = ₹81.5146","US Dollar rates for 23/01/2023"
"Tuesday 24 January 2023 (24/01/2023)","$1 USD = ₹81.6303","US Dollar rates for 24/01/2023"
"Wednesday 25 January 2023 (25/01/2023)","$1 USD = ₹81.5048","US Dollar rates for 25/01/2023"
"Thursday 26 January 2023 (26/01/2023)","$1 USD = ₹81.4584","US Dollar rates for 26/01/2023"
"Friday 27 January 2023 (27/01/2023)","$1 USD = ₹81.5235","US Dollar rates for 27/01/2023"
"Saturday 28 January 2023 (28/01/2023)","$1 USD = ₹81.5155","US Dollar rates for 28/01/2023"
"Sunday 29 January 2023 (29/01/2023)","$1 USD = ₹81.5058","US Dollar rates for 29/01/2023"
"Monday 30 January 2023 (30/01/2023)","$1 USD = ₹81.5691","US Dollar rates for 30/01/2023"
"Tuesday 31 January 2023 (31/01/2023)","$1 USD = ₹81.786","US Dollar rates for 31/01/2023"
"Wednesday 1 February 2023 (01/02/2023)","$1 USD = ₹81.7158","US Dollar rates for 01/02/2023"
"Thursday 2 February 2023 (02/02/2023)","$1 USD = ₹82.0487","US Dollar rates for 02/02/2023"
"Friday 3 February 2023 (03/02/2023)","$1 USD = ₹82.4916","US Dollar rates for 03/02/2023"
"Saturday 4 February 2023 (04/02/2023)","$1 USD = ₹82.494","US Dollar rates for 04/02/2023"
"Sunday 5 February 2023 (05/02/2023)","$1 USD = ₹82.3269","US Dollar rates for 05/02/2023"
"Monday 6 February 2023 (06/02/2023)","$1 USD = ₹82.7218","US Dollar rates for 06/02/2023"
"Tuesday 7 February 2023 (07/02/2023)","$1 USD = ₹82.7388","US Dollar rates for 07/02/2023"
"Wednesday 8 February 2023 (08/02/2023)","$1 USD = ₹82.6583","US Dollar rates for 08/02/2023"
"Thursday 9 February 2023 (09/02/2023)","$1 USD = ₹82.5436","US Dollar rates for 09/02/2023"
"Friday 10 February 2023 (10/02/2023)","$1 USD = ₹82.495","US Dollar rates for 10/02/2023"
"Saturday 11 February 2023 (11/02/2023)","$1 USD = ₹82.4891","US Dollar rates for 11/02/2023"
"Sunday 12 February 2023 (12/02/2023)","$1 USD = ₹82.5179","US Dollar rates for 12/02/2023"
"Monday 13 February 2023 (13/02/2023)","$1 USD = ₹82.5611","US Dollar rates for 13/02/2023"
"Tuesday 14 February 2023 (14/02/2023)","$1 USD = ₹82.8623","US Dollar rates for 14/02/2023"
"Wednesday 15 February 2023 (15/02/2023)","$1 USD = ₹82.7207","US Dollar rates for 15/02/2023"
"Thursday 16 February 2023 (16/02/2023)","$1 USD = ₹82.7166","US Dollar rates for 16/02/2023"
"Friday 17 February 2023 (17/02/2023)","$1 USD = ₹82.8083","US Dollar rates for 17/02/2023"
"Saturday 18 February 2023 (18/02/2023)","$1 USD = ₹82.8142","US Dollar rates for 18/02/2023"
"Sunday 19 February 2023 (19/02/2023)","$1 USD = ₹82.7731","US Dollar rates for 19/02/2023"
"Monday 20 February 2023 (20/02/2023)","$1 USD = ₹82.7206","US Dollar rates for 20/02/2023"
"Tuesday 21 February 2023 (21/02/2023)","$1 USD = ₹82.8987","US Dollar rates for 21/02/2023"
"Wednesday 22 February 2023 (22/02/2023)","$1 USD = ₹82.8434","US Dollar rates for 22/02/2023"
"Thursday 23 February 2023 (23/02/2023)","$1 USD = ₹82.6357","US Dollar rates for 23/02/2023"
"Friday 24 February 2023 (24/02/2023)","$1 USD = ₹82.9334","US Dollar rates for 24/02/2023"
"Saturday 25 February 2023 (25/02/2023)","$1 USD = ₹82.9291","US Dollar rates for 25/02/2023"
"Sunday 26 February 2023 (26/02/2023)","$1 USD = ₹82.9275","US Dollar rates for 26/02/2023"
"Monday 27 February 2023 (27/02/2023)","$1 USD = ₹82.6728","US Dollar rates for 27/02/2023"
"Tuesday 28 February 2023 (28/02/2023)","$1 USD = ₹82.6411","US Dollar rates for 28/02/2023"
"Wednesday 1 March 2023 (01/03/2023)","$1 USD = ₹82.4181","US Dollar rates for 01/03/2023"
"Thursday 2 March 2023 (02/03/2023)","$1 USD = ₹82.3494","US Dollar rates for 02/03/2023"
"Friday 3 March 2023 (03/03/2023)","$1 USD = ₹81.712","US Dollar rates for 03/03/2023"
"Saturday 4 March 2023 (04/03/2023)","$1 USD = ₹81.7128","US Dollar rates for 04/03/2023"
"Sunday 5 March 2023 (05/03/2023)","$1 USD = ₹81.7423","US Dollar rates for 05/03/2023"
"Monday 6 March 2023 (06/03/2023)","$1 USD = ₹81.8576","US Dollar rates for 06/03/2023"
"Tuesday 7 March 2023 (07/03/2023)","$1 USD = ₹82.0722","US Dollar rates for 07/03/2023"
"Wednesday 8 March 2023 (08/03/2023)","$1 USD = ₹81.9603","US Dollar rates for 08/03/2023"
"Thursday 9 March 2023 (09/03/2023)","$1 USD = ₹82.0112","US Dollar rates for 09/03/2023"
"Friday 10 March 2023 (10/03/2023)","$1 USD = ₹82.0184","US Dollar rates for 10/03/2023"
"Saturday 11 March 2023 (11/03/2023)","$1 USD = ₹81.9655","US Dollar rates for 11/03/2023"
"Sunday 12 March 2023 (12/03/2023)","$1 USD = ₹82.0187","US Dollar rates for 12/03/2023"
"Monday 13 March 2023 (13/03/2023)","$1 USD = ₹82.4219","US Dollar rates for 13/03/2023"
"Tuesday 14 March 2023 (14/03/2023)","$1 USD = ₹82.3091","US Dollar rates for 14/03/2023"
"Wednesday 15 March 2023 (15/03/2023)","$1 USD = ₹82.7132","US Dollar rates for 15/03/2023"
"Thursday 16 March 2023 (16/03/2023)","$1 USD = ₹82.6418","US Dollar rates for 16/03/2023"
"Friday 17 March 2023 (17/03/2023)","$1 USD = ₹82.5312","US Dollar rates for 17/03/2023"
"Saturday 18 March 2023 (18/03/2023)","$1 USD = ₹82.536","US Dollar rates for 18/03/2023"
"Sunday 19 March 2023 (19/03/2023)","$1 USD = ₹82.5441","US Dollar rates for 19/03/2023"
"Monday 20 March 2023 (20/03/2023)","$1 USD = ₹82.5196","US Dollar rates for 20/03/2023"
"Tuesday 21 March 2023 (21/03/2023)","$1 USD = ₹82.6627","US Dollar rates for 21/03/2023"
"Wednesday 22 March 2023 (22/03/2023)","$1 USD = ₹82.5195","US Dollar rates for 22/03/2023"
"Thursday 23 March 2023 (23/03/2023)","$1 USD = ₹82.2535","US Dollar rates for 23/03/2023"
"Friday 24 March 2023 (24/03/2023)","$1 USD = ₹82.3474","US Dollar rates for 24/03/2023"
"Saturday 25 March 2023 (25/03/2023)","$1 USD = ₹82.3474","US Dollar rates for 25/03/2023"
"Sunday 26 March 2023 (26/03/2023)","$1 USD = ₹82.3483","US Dollar rates for 26/03/2023"
"Monday 27 March 2023 (27/03/2023)","$1 USD = ₹82.2404","US Dollar rates for 27/03/2023"
"Tuesday 28 March 2023 (28/03/2023)","$1 USD = ₹82.1643","US Dollar rates for 28/03/2023"
"Wednesday 29 March 2023 (29/03/2023)","$1 USD = ₹82.246","US Dollar rates for 29/03/2023"
"Thursday 30 March 2023 (30/03/2023)","$1 USD = ₹82.1028","US Dollar rates for 30/03/2023"
"Friday 31 March 2023 (31/03/2023)","$1 USD = ₹82.1807","US Dollar rates for 31/03/2023"
"Saturday 1 April 2023 (01/04/2023)","$1 USD = ₹82.1806","US Dollar rates for 01/04/2023"
"Sunday 2 April 2023 (02/04/2023)","$1 USD = ₹82.2009","US Dollar rates for 02/04/2023"
"Monday 3 April 2023 (03/04/2023)","$1 USD = ₹82.147","US Dollar rates for 03/04/2023"
"Tuesday 4 April 2023 (04/04/2023)","$1 USD = ₹82.1382","US Dollar rates for 04/04/2023"
"Wednesday 5 April 2023 (05/04/2023)","$1 USD = ₹81.96","US Dollar rates for 05/04/2023"
"Thursday 6 April 2023 (06/04/2023)","$1 USD = ₹81.8249","US Dollar rates for 06/04/2023"
"Friday 7 April 2023 (07/04/2023)","$1 USD = ₹81.8752","US Dollar rates for 07/04/2023"
"Saturday 8 April 2023 (08/04/2023)","$1 USD = ₹81.8405","US Dollar rates for 08/04/2023"
"Sunday 9 April 2023 (09/04/2023)","$1 USD = ₹81.8405","US Dollar rates for 09/04/2023"
"Monday 10 April 2023 (10/04/2023)","$1 USD = ₹81.9768","US Dollar rates for 10/04/2023"
"Tuesday 11 April 2023 (11/04/2023)","$1 USD = ₹82.0786","US Dollar rates for 11/04/2023"
"Wednesday 12 April 2023 (12/04/2023)","$1 USD = ₹81.9505","US Dollar rates for 12/04/2023"
"Thursday 13 April 2023 (13/04/2023)","$1 USD = ₹81.6914","US Dollar rates for 13/04/2023"
"Friday 14 April 2023 (14/04/2023)","$1 USD = ₹81.8518","US Dollar rates for 14/04/2023"
"Saturday 15 April 2023 (15/04/2023)","$1 USD = ₹81.8421","US Dollar rates for 15/04/2023"
"Sunday 16 April 2023 (16/04/2023)","$1 USD = ₹81.8568","US Dollar rates for 16/04/2023"
"Monday 17 April 2023 (17/04/2023)","$1 USD = ₹82.0042","US Dollar rates for 17/04/2023"
"Tuesday 18 April 2023 (18/04/2023)","$1 USD = ₹82.1074","US Dollar rates for 18/04/2023"
"Wednesday 19 April 2023 (19/04/2023)","$1 USD = ₹82.3337","US Dollar rates for 19/04/2023"
"Thursday 20 April 2023 (20/04/2023)","$1 USD = ₹82.1534","US Dollar rates for 20/04/2023"
"Friday 21 April 2023 (21/04/2023)","$1 USD = ₹82.0407","US Dollar rates for 21/04/2023"
"Saturday 22 April 2023 (22/04/2023)","$1 USD = ₹82.0409","US Dollar rates for 22/04/2023"
"Sunday 23 April 2023 (23/04/2023)","$1 USD = ₹82.0361","US Dollar rates for 23/04/2023"
"Monday 24 April 2023 (24/04/2023)","$1 USD = ₹81.8553","US Dollar rates for 24/04/2023"
"Tuesday 25 April 2023 (25/04/2023)","$1 USD = ₹81.9782","US Dollar rates for 25/04/2023"
"Wednesday 26 April 2023 (26/04/2023)","$1 USD = ₹81.7475","US Dollar rates for 26/04/2023"
"Thursday 27 April 2023 (27/04/2023)","$1 USD = ₹81.7159","US Dollar rates for 27/04/2023"
"Friday 28 April 2023 (28/04/2023)","$1 USD = ₹81.7451","US Dollar rates for 28/04/2023"
"Saturday 29 April 2023 (29/04/2023)","$1 USD = ₹81.7417","US Dollar rates for 29/04/2023"
"Sunday 30 April 2023 (30/04/2023)","$1 USD = ₹81.7644","US Dollar rates for 30/04/2023"
"Monday 1 May 2023 (01/05/2023)","$1 USD = ₹81.7803","US Dollar rates for 01/05/2023"
"Tuesday 2 May 2023 (02/05/2023)","$1 USD = ₹81.7702","US Dollar rates for 02/05/2023"
"Wednesday 3 May 2023 (03/05/2023)","$1 USD = ₹81.8045","US Dollar rates for 03/05/2023"
"Thursday 4 May 2023 (04/05/2023)","$1 USD = ₹81.6984","US Dollar rates for 04/05/2023"
"Friday 5 May 2023 (05/05/2023)","$1 USD = ₹81.7296","US Dollar rates for 05/05/2023"
"Saturday 6 May 2023 (06/05/2023)","$1 USD = ₹81.7297","US Dollar rates for 06/05/2023"
"Sunday 7 May 2023 (07/05/2023)","$1 USD = ₹81.7198","US Dollar rates for 07/05/2023"
"Monday 8 May 2023 (08/05/2023)","$1 USD = ₹81.7874","US Dollar rates for 08/05/2023"
"Tuesday 9 May 2023 (09/05/2023)","$1 USD = ₹82.1017","US Dollar rates for 09/05/2023"
"Wednesday 10 May 2023 (10/05/2023)","$1 USD = ₹81.913","US Dollar rates for 10/05/2023"
"Thursday 11 May 2023 (11/05/2023)","$1 USD = ₹82.0939","US Dollar rates for 11/05/2023"
"Friday 12 May 2023 (12/05/2023)","$1 USD = ₹82.2563","US Dollar rates for 12/05/2023"
"Saturday 13 May 2023 (13/05/2023)","$1 USD = ₹82.1972","US Dollar rates for 13/05/2023"
"Sunday 14 May 2023 (14/05/2023)","$1 USD = ₹82.2277","US Dollar rates for 14/05/2023"
"Monday 15 May 2023 (15/05/2023)","$1 USD = ₹82.2696","US Dollar rates for 15/05/2023"
"Tuesday 16 May 2023 (16/05/2023)","$1 USD = ₹82.2949","US Dollar rates for 16/05/2023"
"Wednesday 17 May 2023 (17/05/2023)","$1 USD = ₹82.4576","US Dollar rates for 17/05/2023"
"Thursday 18 May 2023 (18/05/2023)","$1 USD = ₹82.7262","US Dollar rates for 18/05/2023"
"Friday 19 May 2023 (19/05/2023)","$1 USD = ₹82.8421","US Dollar rates for 19/05/2023"
"Saturday 20 May 2023 (20/05/2023)","$1 USD = ₹82.8431","US Dollar rates for 20/05/2023"
"Sunday 21 May 2023 (21/05/2023)","$1 USD = ₹82.883","US Dollar rates for 21/05/2023"
"Monday 22 May 2023 (22/05/2023)","$1 USD = ₹82.8221","US Dollar rates for 22/05/2023"
"Tuesday 23 May 2023 (23/05/2023)","$1 USD = ₹82.8965","US Dollar rates for 23/05/2023"
"Wednesday 24 May 2023 (24/05/2023)","$1 USD = ₹82.705","US Dollar rates for 24/05/2023"
"Thursday 25 May 2023 (25/05/2023)","$1 USD = ₹82.7336","US Dollar rates for 25/05/2023"
"Friday 26 May 2023 (26/05/2023)","$1 USD = ₹82.5648","US Dollar rates for 26/05/2023"
"Saturday 27 May 2023 (27/05/2023)","$1 USD = ₹82.5648","US Dollar rates for 27/05/2023"
"Sunday 28 May 2023 (28/05/2023)","$1 USD = ₹82.569","US Dollar rates for 28/05/2023"
"Monday 29 May 2023 (29/05/2023)","$1 USD = ₹82.5798","US Dollar rates for 29/05/2023"
"Tuesday 30 May 2023 (30/05/2023)","$1 USD = ₹82.6817","US Dollar rates for 30/05/2023"
"Wednesday 31 May 2023 (31/05/2023)","$1 USD = ₹82.6689","US Dollar rates for 31/05/2023"
"Thursday 1 June 2023 (01/06/2023)","$1 USD = ₹82.28","US Dollar rates for 01/06/2023"
"Friday 2 June 2023 (02/06/2023)","$1 USD = ₹82.4023","US Dollar rates for 02/06/2023"
"Saturday 3 June 2023 (03/06/2023)","$1 USD = ₹82.4015","US Dollar rates for 03/06/2023"
"Sunday 4 June 2023 (04/06/2023)","$1 USD = ₹82.4066","US Dollar rates for 04/06/2023"
"Monday 5 June 2023 (05/06/2023)","$1 USD = ₹82.5063","US Dollar rates for 05/06/2023"
"Tuesday 6 June 2023 (06/06/2023)","$1 USD = ₹82.5195","US Dollar rates for 06/06/2023"
"Wednesday 7 June 2023 (07/06/2023)","$1 USD = ₹82.6246","US Dollar rates for 07/06/2023"
"Thursday 8 June 2023 (08/06/2023)","$1 USD = ₹82.4813","US Dollar rates for 08/06/2023"
"Friday 9 June 2023 (09/06/2023)","$1 USD = ₹82.4247","US Dollar rates for 09/06/2023"
"Saturday 10 June 2023 (10/06/2023)","$1 USD = ₹82.4213","US Dollar rates for 10/06/2023"
"Sunday 11 June 2023 (11/06/2023)","$1 USD = ₹82.4349","US Dollar rates for 11/06/2023"
"Monday 12 June 2023 (12/06/2023)","$1 USD = ₹82.3292","US Dollar rates for 12/06/2023"
"Tuesday 13 June 2023 (13/06/2023)","$1 USD = ₹82.2905","US Dollar rates for 13/06/2023"
"Wednesday 14 June 2023 (14/06/2023)","$1 USD = ₹82.045","US Dollar rates for 14/06/2023"
"Thursday 15 June 2023 (15/06/2023)","$1 USD = ₹81.91","US Dollar rates for 15/06/2023"
"Friday 16 June 2023 (16/06/2023)","$1 USD = ₹81.9067","US Dollar rates for 16/06/2023"
"Saturday 17 June 2023 (17/06/2023)","$1 USD = ₹81.9067","US Dollar rates for 17/06/2023"
"Sunday 18 June 2023 (18/06/2023)","$1 USD = ₹81.9159","US Dollar rates for 18/06/2023"
"Monday 19 June 2023 (19/06/2023)","$1 USD = ₹81.9824","US Dollar rates for 19/06/2023"
"Tuesday 20 June 2023 (20/06/2023)","$1 USD = ₹81.9919","US Dollar rates for 20/06/2023"
"Wednesday 21 June 2023 (21/06/2023)","$1 USD = ₹81.9439","US Dollar rates for 21/06/2023"
"Thursday 22 June 2023 (22/06/2023)","$1 USD = ₹81.9003","US Dollar rates for 22/06/2023"
"Friday 23 June 2023 (23/06/2023)","$1 USD = ₹81.9707","US Dollar rates for 23/06/2023"
"Saturday 24 June 2023 (24/06/2023)","$1 USD = ₹81.9854","US Dollar rates for 24/06/2023"
"Sunday 25 June 2023 (25/06/2023)","$1 USD = ₹81.9608","US Dollar rates for 25/06/2023"
"Monday 26 June 2023 (26/06/2023)","$1 USD = ₹82.0053","US Dollar rates for 26/06/2023"
"Tuesday 27 June 2023 (27/06/2023)","$1 USD = ₹81.9996","US Dollar rates for 27/06/2023"
"Wednesday 28 June 2023 (28/06/2023)","$1 USD = ₹82.0253","US Dollar rates for 28/06/2023"
"Thursday 29 June 2023 (29/06/2023)","$1 USD = ₹82.0735","US Dollar rates for 29/06/2023"
"Friday 30 June 2023 (30/06/2023)","$1 USD = ₹82.0995","US Dollar rates for 30/06/2023"
"Saturday 1 July 2023 (01/07/2023)","$1 USD = ₹82.0995","US Dollar rates for 01/07/2023"
"Sunday 2 July 2023 (02/07/2023)","$1 USD = ₹82.0975","US Dollar rates for 02/07/2023"
"Monday 3 July 2023 (03/07/2023)","$1 USD = ₹81.9673","US Dollar rates for 03/07/2023"
"Tuesday 4 July 2023 (04/07/2023)","$1 USD = ₹82.0047","US Dollar rates for 04/07/2023"
"Wednesday 5 July 2023 (05/07/2023)","$1 USD = ₹82.3945","US Dollar rates for 05/07/2023"
"Thursday 6 July 2023 (06/07/2023)","$1 USD = ₹82.77","US Dollar rates for 06/07/2023"
"Friday 7 July 2023 (07/07/2023)","$1 USD = ₹82.6508","US Dollar rates for 07/07/2023"
"Saturday 8 July 2023 (08/07/2023)","$1 USD = ₹82.6467","US Dollar rates for 08/07/2023"
"Sunday 9 July 2023 (09/07/2023)","$1 USD = ₹82.6283","US Dollar rates for 09/07/2023"
"Monday 10 July 2023 (10/07/2023)","$1 USD = ₹82.5359","US Dollar rates for 10/07/2023"
"Tuesday 11 July 2023 (11/07/2023)","$1 USD = ₹82.3838","US Dollar rates for 11/07/2023"
"Wednesday 12 July 2023 (12/07/2023)","$1 USD = ₹81.9746","US Dollar rates for 12/07/2023"
"Thursday 13 July 2023 (13/07/2023)","$1 USD = ₹82.0314","US Dollar rates for 13/07/2023"
"Friday 14 July 2023 (14/07/2023)","$1 USD = ₹82.1337","US Dollar rates for 14/07/2023"
"Saturday 15 July 2023 (15/07/2023)","$1 USD = ₹82.1162","US Dollar rates for 15/07/2023"
"Sunday 16 July 2023 (16/07/2023)","$1 USD = ₹82.0752","US Dollar rates for 16/07/2023"
"Monday 17 July 2023 (17/07/2023)","$1 USD = ₹82.0566","US Dollar rates for 17/07/2023"
"Tuesday 18 July 2023 (18/07/2023)","$1 USD = ₹82.0756","US Dollar rates for 18/07/2023"
"Wednesday 19 July 2023 (19/07/2023)","$1 USD = ₹82.0652","US Dollar rates for 19/07/2023"
"Thursday 20 July 2023 (20/07/2023)","$1 USD = ₹82.0838","US Dollar rates for 20/07/2023"
"Friday 21 July 2023 (21/07/2023)","$1 USD = ₹82.003","US Dollar rates for 21/07/2023"
"Saturday 22 July 2023 (22/07/2023)","$1 USD = ₹82.004","US Dollar rates for 22/07/2023"
"Sunday 23 July 2023 (23/07/2023)","$1 USD = ₹82.0051","US Dollar rates for 23/07/2023"
"Monday 24 July 2023 (24/07/2023)","$1 USD = ₹81.8143","US Dollar rates for 24/07/2023"
"Tuesday 25 July 2023 (25/07/2023)","$1 USD = ₹81.9562","US Dollar rates for 25/07/2023"
"Wednesday 26 July 2023 (26/07/2023)","$1 USD = ₹81.9757","US Dollar rates for 26/07/2023"
"Thursday 27 July 2023 (27/07/2023)","$1 USD = ₹82.3732","US Dollar rates for 27/07/2023"
"Friday 28 July 2023 (28/07/2023)","$1 USD = ₹82.2598","US Dollar rates for 28/07/2023"
"Saturday 29 July 2023 (29/07/2023)","$1 USD = ₹82.2665","US Dollar rates for 29/07/2023"
"Sunday 30 July 2023 (30/07/2023)","$1 USD = ₹82.2634","US Dollar rates for 30/07/2023"
"Monday 31 July 2023 (31/07/2023)","$1 USD = ₹82.2412","US Dollar rates for 31/07/2023"
"Tuesday 1 August 2023 (01/08/2023)","$1 USD = ₹82.3371","US Dollar rates for 01/08/2023"
"Wednesday 2 August 2023 (02/08/2023)","$1 USD = ₹82.6655","US Dollar rates for 02/08/2023"
"Thursday 3 August 2023 (03/08/2023)","$1 USD = ₹82.833","US Dollar rates for 03/08/2023"
"Friday 4 August 2023 (04/08/2023)","$1 USD = ₹82.6767","US Dollar rates for 04/08/2023"
"Saturday 5 August 2023 (05/08/2023)","$1 USD = ₹82.6767","US Dollar rates for 05/08/2023"
"Sunday 6 August 2023 (06/08/2023)","$1 USD = ₹82.6869","US Dollar rates for 06/08/2023"
"Monday 7 August 2023 (07/08/2023)","$1 USD = ₹82.7638","US Dollar rates for 07/08/2023"
"Tuesday 8 August 2023 (08/08/2023)","$1 USD = ₹82.859","US Dollar rates for 08/08/2023"
"Wednesday 9 August 2023 (09/08/2023)","$1 USD = ₹82.9243","US Dollar rates for 09/08/2023"
"Thursday 10 August 2023 (10/08/2023)","$1 USD = ₹82.9183","US Dollar rates for 10/08/2023"
"Friday 11 August 2023 (11/08/2023)","$1 USD = ₹82.9566","US Dollar rates for 11/08/2023"
"Saturday 12 August 2023 (12/08/2023)","$1 USD = ₹82.9575","US Dollar rates for 12/08/2023"
"Sunday 13 August 2023 (13/08/2023)","$1 USD = ₹82.9558","US Dollar rates for 13/08/2023"
"Monday 14 August 2023 (14/08/2023)","$1 USD = ₹83.4074","US Dollar rates for 14/08/2023"
"Tuesday 15 August 2023 (15/08/2023)","$1 USD = ₹83.2043","US Dollar rates for 15/08/2023"
"Wednesday 16 August 2023 (16/08/2023)","$1 USD = ₹83.2342","US Dollar rates for 16/08/2023"
"Thursday 17 August 2023 (17/08/2023)","$1 USD = ₹83.1014","US Dollar rates for 17/08/2023"
"Friday 18 August 2023 (18/08/2023)","$1 USD = ₹83.157","US Dollar rates for 18/08/2023"
"Saturday 19 August 2023 (19/08/2023)","$1 USD = ₹83.1571","US Dollar rates for 19/08/2023"
"Sunday 20 August 2023 (20/08/2023)","$1 USD = ₹83.1606","US Dollar rates for 20/08/2023"
"Monday 21 August 2023 (21/08/2023)","$1 USD = ₹83.1074","US Dollar rates for 21/08/2023"
"Tuesday 22 August 2023 (22/08/2023)","$1 USD = ₹83.0844","US Dollar rates for 22/08/2023"
"Wednesday 23 August 2023 (23/08/2023)","$1 USD = ₹82.5442","US Dollar rates for 23/08/2023"
"Thursday 24 August 2023 (24/08/2023)","$1 USD = ₹82.6346","US Dollar rates for 24/08/2023"
"Friday 25 August 2023 (25/08/2023)","$1 USD = ₹82.5286","US Dollar rates for 25/08/2023"
"Saturday 26 August 2023 (26/08/2023)","$1 USD = ₹82.5483","US Dollar rates for 26/08/2023"
"Sunday 27 August 2023 (27/08/2023)","$1 USD = ₹82.5458","US Dollar rates for 27/08/2023"
"Monday 28 August 2023 (28/08/2023)","$1 USD = ₹82.6664","US Dollar rates for 28/08/2023"
"Tuesday 29 August 2023 (29/08/2023)","$1 USD = ₹82.5783","US Dollar rates for 29/08/2023"
"Wednesday 30 August 2023 (30/08/2023)","$1 USD = ₹82.8087","US Dollar rates for 30/08/2023"
"Thursday 31 August 2023 (31/08/2023)","$1 USD = ₹82.6552","US Dollar rates for 31/08/2023"
"Friday 1 September 2023 (01/09/2023)","$1 USD = ₹82.7238","US Dollar rates for 01/09/2023"
"Saturday 2 September 2023 (02/09/2023)","$1 USD = ₹82.7239","US Dollar rates for 02/09/2023"
"Sunday 3 September 2023 (03/09/2023)","$1 USD = ₹82.7341","US Dollar rates for 03/09/2023"
"Monday 4 September 2023 (04/09/2023)","$1 USD = ₹82.7829","US Dollar rates for 04/09/2023"
"Tuesday 5 September 2023 (05/09/2023)","$1 USD = ₹83.2428","US Dollar rates for 05/09/2023"
"Wednesday 6 September 2023 (06/09/2023)","$1 USD = ₹83.2762","US Dollar rates for 06/09/2023"
"Thursday 7 September 2023 (07/09/2023)","$1 USD = ₹83.2303","US Dollar rates for 07/09/2023"
"Friday 8 September 2023 (08/09/2023)","$1 USD = ₹83.045","US Dollar rates for 08/09/2023"
"Saturday 9 September 2023 (09/09/2023)","$1 USD = ₹83.045","US Dollar rates for 09/09/2023"
"Sunday 10 September 2023 (10/09/2023)","$1 USD = ₹83.0963","US Dollar rates for 10/09/2023"
"Monday 11 September 2023 (11/09/2023)","$1 USD = ₹82.8235","US Dollar rates for 11/09/2023"
"Tuesday 12 September 2023 (12/09/2023)","$1 USD = ₹82.2504","US Dollar rates for 12/09/2023"
"Wednesday 13 September 2023 (13/09/2023)","$1 USD = ₹83.0067","US Dollar rates for 13/09/2023"
"Thursday 14 September 2023 (14/09/2023)","$1 USD = ₹83.1147","US Dollar rates for 14/09/2023"
"Friday 15 September 2023 (15/09/2023)","$1 USD = ₹83.1041","US Dollar rates for 15/09/2023"
"Saturday 16 September 2023 (16/09/2023)","$1 USD = ₹83.1041","US Dollar rates for 16/09/2023"
"Sunday 17 September 2023 (17/09/2023)","$1 USD = ₹83.0893","US Dollar rates for 17/09/2023"
"Monday 18 September 2023 (18/09/2023)","$1 USD = ₹83.2639","US Dollar rates for 18/09/2023"
"Tuesday 19 September 2023 (19/09/2023)","$1 USD = ₹83.4426","US Dollar rates for 19/09/2023"
"Wednesday 20 September 2023 (20/09/2023)","$1 USD = ₹83.06","US Dollar rates for 20/09/2023"
"Thursday 21 September 2023 (21/09/2023)","$1 USD = ₹83.1226","US Dollar rates for 21/09/2023"
"Friday 22 September 2023 (22/09/2023)","$1 USD = ₹83.1088","US Dollar rates for 22/09/2023"
"Saturday 23 September 2023 (23/09/2023)","$1 USD = ₹83.0994","US Dollar rates for 23/09/2023"
"Sunday 24 September 2023 (24/09/2023)","$1 USD = ₹83.1023","US Dollar rates for 24/09/2023"
"Monday 25 September 2023 (25/09/2023)","$1 USD = ₹83.052","US Dollar rates for 25/09/2023"
"Tuesday 26 September 2023 (26/09/2023)","$1 USD = ₹83.2871","US Dollar rates for 26/09/2023"
"Wednesday 27 September 2023 (27/09/2023)","$1 USD = ₹83.2358","US Dollar rates for 27/09/2023"
"Thursday 28 September 2023 (28/09/2023)","$1 USD = ₹83.1202","US Dollar rates for 28/09/2023"
"Friday 29 September 2023 (29/09/2023)","$1 USD = ₹83.1775","US Dollar rates for 29/09/2023"
"Saturday 30 September 2023 (30/09/2023)","$1 USD = ₹83.1775","US Dollar rates for 30/09/2023"
"Sunday 1 October 2023 (01/10/2023)","$1 USD = ₹83.1208","US Dollar rates for 01/10/2023"
"Monday 2 October 2023 (02/10/2023)","$1 USD = ₹83.364","US Dollar rates for 02/10/2023"
"Tuesday 3 October 2023 (03/10/2023)","$1 USD = ₹83.2296","US Dollar rates for 03/10/2023"
"Wednesday 4 October 2023 (04/10/2023)","$1 USD = ₹83.3594","US Dollar rates for 04/10/2023"
"Thursday 5 October 2023 (05/10/2023)","$1 USD = ₹83.2512","US Dollar rates for 05/10/2023"
"Friday 6 October 2023 (06/10/2023)","$1 USD = ₹83.0882","US Dollar rates for 06/10/2023"
"Saturday 7 October 2023 (07/10/2023)","$1 USD = ₹83.12","US Dollar rates for 07/10/2023"
"Sunday 8 October 2023 (08/10/2023)","$1 USD = ₹83.1029","US Dollar rates for 08/10/2023"
"Monday 9 October 2023 (09/10/2023)","$1 USD = ₹83.2274","US Dollar rates for 09/10/2023"
"Tuesday 10 October 2023 (10/10/2023)","$1 USD = ₹83.3181","US Dollar rates for 10/10/2023"
"Wednesday 11 October 2023 (11/10/2023)","$1 USD = ₹83.2163","US Dollar rates for 11/10/2023"
"Thursday 12 October 2023 (12/10/2023)","$1 USD = ₹83.1892","US Dollar rates for 12/10/2023"
"Friday 13 October 2023 (13/10/2023)","$1 USD = ₹83.2796","US Dollar rates for 13/10/2023"
"Saturday 14 October 2023 (14/10/2023)","$1 USD = ₹83.2761","US Dollar rates for 14/10/2023"
"Sunday 15 October 2023 (15/10/2023)","$1 USD = ₹83.3247","US Dollar rates for 15/10/2023"
"Monday 16 October 2023 (16/10/2023)","$1 USD = ₹83.2033","US Dollar rates for 16/10/2023"
"Tuesday 17 October 2023 (17/10/2023)","$1 USD = ₹83.2624","US Dollar rates for 17/10/2023"
"Wednesday 18 October 2023 (18/10/2023)","$1 USD = ₹83.2513","US Dollar rates for 18/10/2023"
"Thursday 19 October 2023 (19/10/2023)","$1 USD = ₹83.1137","US Dollar rates for 19/10/2023"
"Friday 20 October 2023 (20/10/2023)","$1 USD = ₹83.2328","US Dollar rates for 20/10/2023"
"Saturday 21 October 2023 (21/10/2023)","$1 USD = ₹83.2524","US Dollar rates for 21/10/2023"
"Sunday 22 October 2023 (22/10/2023)","$1 USD = ₹83.2328","US Dollar rates for 22/10/2023"
"Monday 23 October 2023 (23/10/2023)","$1 USD = ₹83.0363","US Dollar rates for 23/10/2023"
"Tuesday 24 October 2023 (24/10/2023)","$1 USD = ₹83.0179","US Dollar rates for 24/10/2023"
"Wednesday 25 October 2023 (25/10/2023)","$1 USD = ₹83.19","US Dollar rates for 25/10/2023"
"Thursday 26 October 2023 (26/10/2023)","$1 USD = ₹83.2849","US Dollar rates for 26/10/2023"
"Friday 27 October 2023 (27/10/2023)","$1 USD = ₹83.4132","US Dollar rates for 27/10/2023"
"Saturday 28 October 2023 (28/10/2023)","$1 USD = ₹83.4166","US Dollar rates for 28/10/2023"
"Sunday 29 October 2023 (29/10/2023)","$1 USD = ₹83.4137","US Dollar rates for 29/10/2023"
"Monday 30 October 2023 (30/10/2023)","$1 USD = ₹83.294","US Dollar rates for 30/10/2023"
"Tuesday 31 October 2023 (31/10/2023)","$1 USD = ₹83.2639","US Dollar rates for 31/10/2023"
"Wednesday 1 November 2023 (01/11/2023)","$1 USD = ₹83.2557","US Dollar rates for 01/11/2023"
"Thursday 2 November 2023 (02/11/2023)","$1 USD = ₹83.3063","US Dollar rates for 02/11/2023"
"Friday 3 November 2023 (03/11/2023)","$1 USD = ₹83.1587","US Dollar rates for 03/11/2023"
"Saturday 4 November 2023 (04/11/2023)","$1 USD = ₹83.1587","US Dollar rates for 04/11/2023"
"Sunday 5 November 2023 (05/11/2023)","$1 USD = ₹83.1632","US Dollar rates for 05/11/2023"
"Monday 6 November 2023 (06/11/2023)","$1 USD = ₹83.2298","US Dollar rates for 06/11/2023"
"Tuesday 7 November 2023 (07/11/2023)","$1 USD = ₹83.2333","US Dollar rates for 07/11/2023"
"Wednesday 8 November 2023 (08/11/2023)","$1 USD = ₹83.2178","US Dollar rates for 08/11/2023"
"Thursday 9 November 2023 (09/11/2023)","$1 USD = ₹83.32","US Dollar rates for 09/11/2023"
"Friday 10 November 2023 (10/11/2023)","$1 USD = ₹83.2881","US Dollar rates for 10/11/2023"
"Saturday 11 November 2023 (11/11/2023)","$1 USD = ₹83.2942","US Dollar rates for 11/11/2023"
"Sunday 12 November 2023 (12/11/2023)","$1 USD = ₹83.295","US Dollar rates for 12/11/2023"
"Monday 13 November 2023 (13/11/2023)","$1 USD = ₹83.1945","US Dollar rates for 13/11/2023"
"Tuesday 14 November 2023 (14/11/2023)","$1 USD = ₹83.0417","US Dollar rates for 14/11/2023"
"Wednesday 15 November 2023 (15/11/2023)","$1 USD = ₹83.1767","US Dollar rates for 15/11/2023"
"Thursday 16 November 2023 (16/11/2023)","$1 USD = ₹83.1648","US Dollar rates for 16/11/2023"
"Friday 17 November 2023 (17/11/2023)","$1 USD = ₹83.2917","US Dollar rates for 17/11/2023"
"Saturday 18 November 2023 (18/11/2023)","$1 USD = ₹83.2917","US Dollar rates for 18/11/2023"
"Sunday 19 November 2023 (19/11/2023)","$1 USD = ₹83.3144","US Dollar rates for 19/11/2023"
"Monday 20 November 2023 (20/11/2023)","$1 USD = ₹83.3225","US Dollar rates for 20/11/2023"
"Tuesday 21 November 2023 (21/11/2023)","$1 USD = ₹83.3559","US Dollar rates for 21/11/2023"
"Wednesday 22 November 2023 (22/11/2023)","$1 USD = ₹83.3529","US Dollar rates for 22/11/2023"
"Thursday 23 November 2023 (23/11/2023)","$1 USD = ₹83.3476","US Dollar rates for 23/11/2023"
"Friday 24 November 2023 (24/11/2023)","$1 USD = ₹83.3157","US Dollar rates for 24/11/2023"
"Saturday 25 November 2023 (25/11/2023)","$1 USD = ₹83.3156","US Dollar rates for 25/11/2023"
"Sunday 26 November 2023 (26/11/2023)","$1 USD = ₹83.3232","US Dollar rates for 26/11/2023"
"Monday 27 November 2023 (27/11/2023)","$1 USD = ₹83.3647","US Dollar rates for 27/11/2023"
"Tuesday 28 November 2023 (28/11/2023)","$1 USD = ₹83.3645","US Dollar rates for 28/11/2023"
"Wednesday 29 November 2023 (29/11/2023)","$1 USD = ₹83.3291","US Dollar rates for 29/11/2023"
"Thursday 30 November 2023 (30/11/2023)","$1 USD = ₹83.3557","US Dollar rates for 30/11/2023"
"Friday 1 December 2023 (01/12/2023)","$1 USD = ₹83.2506","US Dollar rates for 01/12/2023"
"Saturday 2 December 2023 (02/12/2023)","$1 USD = ₹83.2506","US Dollar rates for 02/12/2023"
"Sunday 3 December 2023 (03/12/2023)","$1 USD = ₹83.254","US Dollar rates for 03/12/2023"
"Monday 4 December 2023 (04/12/2023)","$1 USD = ₹83.4259","US Dollar rates for 04/12/2023"
"Tuesday 5 December 2023 (05/12/2023)","$1 USD = ₹83.3135","US Dollar rates for 05/12/2023"
"Wednesday 6 December 2023 (06/12/2023)","$1 USD = ₹83.3334","US Dollar rates for 06/12/2023"
"Thursday 7 December 2023 (07/12/2023)","$1 USD = ₹83.3561","US Dollar rates for 07/12/2023"
"Friday 8 December 2023 (08/12/2023)","$1 USD = ₹83.4303","US Dollar rates for 08/12/2023"
"Saturday 9 December 2023 (09/12/2023)","$1 USD = ₹83.4303","US Dollar rates for 09/12/2023"
"Sunday 10 December 2023 (10/12/2023)","$1 USD = ₹83.4173","US Dollar rates for 10/12/2023"
"Monday 11 December 2023 (11/12/2023)","$1 USD = ₹83.3461","US Dollar rates for 11/12/2023"
"Tuesday 12 December 2023 (12/12/2023)","$1 USD = ₹83.3872","US Dollar rates for 12/12/2023"
"Wednesday 13 December 2023 (13/12/2023)","$1 USD = ₹83.2847","US Dollar rates for 13/12/2023"
"Thursday 14 December 2023 (14/12/2023)","$1 USD = ₹83.2974","US Dollar rates for 14/12/2023"
"Friday 15 December 2023 (15/12/2023)","$1 USD = ₹83.0485","US Dollar rates for 15/12/2023"
"Saturday 16 December 2023 (16/12/2023)","$1 USD = ₹83.0418","US Dollar rates for 16/12/2023"
"Sunday 17 December 2023 (17/12/2023)","$1 USD = ₹83.0254","US Dollar rates for 17/12/2023"
"Monday 18 December 2023 (18/12/2023)","$1 USD = ₹83.1116","US Dollar rates for 18/12/2023"
"Tuesday 19 December 2023 (19/12/2023)","$1 USD = ₹83.0861","US Dollar rates for 19/12/2023"
"Wednesday 20 December 2023 (20/12/2023)","$1 USD = ₹83.2672","US Dollar rates for 20/12/2023"
"Thursday 21 December 2023 (21/12/2023)","$1 USD = ₹83.3031","US Dollar rates for 21/12/2023"
"Friday 22 December 2023 (22/12/2023)","$1 USD = ₹83.3352","US Dollar rates for 22/12/2023"
"Saturday 23 December 2023 (23/12/2023)","$1 USD = ₹83.3342","US Dollar rates for 23/12/2023"
"Sunday 24 December 2023 (24/12/2023)","$1 USD = ₹83.1757","US Dollar rates for 24/12/2023"
"Monday 25 December 2023 (25/12/2023)","$1 USD = ₹83.18","US Dollar rates for 25/12/2023"
"Tuesday 26 December 2023 (26/12/2023)","$1 USD = ₹83.1843","US Dollar rates for 26/12/2023"
"Wednesday 27 December 2023 (27/12/2023)","$1 USD = ₹83.2708","US Dollar rates for 27/12/2023"
"Thursday 28 December 2023 (28/12/2023)","$1 USD = ₹82.8887","US Dollar rates for 28/12/2023"
"Friday 29 December 2023 (29/12/2023)","$1 USD = ₹83.2423","US Dollar rates for 29/12/2023"
"Saturday 30 December 2023 (30/12/2023)","$1 USD = ₹83.219","US Dollar rates for 30/12/2023"
"Sunday 31 December 2023 (31/12/2023)","$1 USD = ₹83.2315","US Dollar rates for 31/12/2023"
